sheet_title,breakdown,scenario,series,unit,year,value
Figure 1: Reference Scenario Demand Forecast by Sector,sector,Reference,Residential Sector,Net Annual Energy Demand (TWh),2027,49.58
Figure 1: Reference Scenario Demand Forecast by Sector,sector,Reference,Residential Sector,Net Annual Energy Demand (TWh),2028,49.83
Figure 1: Reference Scenario Demand Forecast by Sector,sector,Reference,Residential Sector,Net Annual Energy Demand (TWh),2029,49.29
Figure 1: Reference Scenario Demand Forecast by Sector,sector,Reference,Residential Sector,Net Annual Energy Demand (TWh),2030,49.47
Figure 1: Reference Scenario Demand Forecast by Sector,sector,Reference,Residential Sector,Net Annual Energy Demand (TWh),2031,49.88
Figure 1: Reference Scenario Demand Forecast by Sector,sector,Reference,Residential Sector,Net Annual Energy Demand (TWh),2032,50.57
Figure 1: Reference Scenario Demand Forecast by Sector,sector,Reference,Residential Sector,Net Annual Energy Demand (TWh),2033,51.37
Figure 1: Reference Scenario Demand Forecast by Sector,sector,Reference,Residential Sector,Net Annual Energy Demand (TWh),2034,52.09
Figure 1: Reference Scenario Demand Forecast by Sector,sector,Reference,Residential Sector,Net Annual Energy Demand (TWh),2035,52.82
Figure 1: Reference Scenario Demand Forecast by Sector,sector,Reference,Residential Sector,Net Annual Energy Demand (TWh),2036,53.45
Figure 1: Reference Scenario Demand Forecast by Sector,sector,Reference,Residential Sector,Net Annual Energy Demand (TWh),2037,53.94
Figure 1: Reference Scenario Demand Forecast by Sector,sector,Reference,Residential Sector,Net Annual Energy Demand (TWh),2038,54.21
Figure 1: Reference Scenario Demand Forecast by Sector,sector,Reference,Residential Sector,Net Annual Energy Demand (TWh),2039,54.68
Figure 1: Reference Scenario Demand Forecast by Sector,sector,Reference,Residential Sector,Net Annual Energy Demand (TWh),2040,55.43
Figure 1: Reference Scenario Demand Forecast by Sector,sector,Reference,Residential Sector,Net Annual Energy Demand (TWh),2041,55.63
Figure 1: Reference Scenario Demand Forecast by Sector,sector,Reference,Residential Sector,Net Annual Energy Demand (TWh),2042,55.96
Figure 1: Reference Scenario Demand Forecast by Sector,sector,Reference,Residential Sector,Net Annual Energy Demand (TWh),2043,56.33
Figure 1: Reference Scenario Demand Forecast by Sector,sector,Reference,Residential Sector,Net Annual Energy Demand (TWh),2044,56.91
Figure 1: Reference Scenario Demand Forecast by Sector,sector,Reference,Residential Sector,Net Annual Energy Demand (TWh),2045,57.22
Figure 1: Reference Scenario Demand Forecast by Sector,sector,Reference,Residential Sector,Net Annual Energy Demand (TWh),2046,57.8
Figure 1: Reference Scenario Demand Forecast by Sector,sector,Reference,Residential Sector,Net Annual Energy Demand (TWh),2047,58.02
Figure 1: Reference Scenario Demand Forecast by Sector,sector,Reference,Residential Sector,Net Annual Energy Demand (TWh),2048,58.66
Figure 1: Reference Scenario Demand Forecast by Sector,sector,Reference,Residential Sector,Net Annual Energy Demand (TWh),2049,58.93
Figure 1: Reference Scenario Demand Forecast by Sector,sector,Reference,Residential Sector,Net Annual Energy Demand (TWh),2050,59.42
Figure 1: Reference Scenario Demand Forecast by Sector,sector,Reference,Commercial Sector with Data Centres,Net Annual Energy Demand (TWh),2027,52.13
Figure 1: Reference Scenario Demand Forecast by Sector,sector,Reference,Commercial Sector with Data Centres,Net Annual Energy Demand (TWh),2028,52.73
Figure 1: Reference Scenario Demand Forecast by Sector,sector,Reference,Commercial Sector with Data Centres,Net Annual Energy Demand (TWh),2029,53.48
Figure 1: Reference Scenario Demand Forecast by Sector,sector,Reference,Commercial Sector with Data Centres,Net Annual Energy Demand (TWh),2030,54.82
Figure 1: Reference Scenario Demand Forecast by Sector,sector,Reference,Commercial Sector with Data Centres,Net Annual Energy Demand (TWh),2031,55.7
Figure 1: Reference Scenario Demand Forecast by Sector,sector,Reference,Commercial Sector with Data Centres,Net Annual Energy Demand (TWh),2032,56.0
Figure 1: Reference Scenario Demand Forecast by Sector,sector,Reference,Commercial Sector with Data Centres,Net Annual Energy Demand (TWh),2033,56.13
Figure 1: Reference Scenario Demand Forecast by Sector,sector,Reference,Commercial Sector with Data Centres,Net Annual Energy Demand (TWh),2034,55.98
Figure 1: Reference Scenario Demand Forecast by Sector,sector,Reference,Commercial Sector with Data Centres,Net Annual Energy Demand (TWh),2035,58.28
Figure 1: Reference Scenario Demand Forecast by Sector,sector,Reference,Commercial Sector with Data Centres,Net Annual Energy Demand (TWh),2036,61.04
Figure 1: Reference Scenario Demand Forecast by Sector,sector,Reference,Commercial Sector with Data Centres,Net Annual Energy Demand (TWh),2037,63.4
Figure 1: Reference Scenario Demand Forecast by Sector,sector,Reference,Commercial Sector with Data Centres,Net Annual Energy Demand (TWh),2038,66.13
Figure 1: Reference Scenario Demand Forecast by Sector,sector,Reference,Commercial Sector with Data Centres,Net Annual Energy Demand (TWh),2039,66.99
Figure 1: Reference Scenario Demand Forecast by Sector,sector,Reference,Commercial Sector with Data Centres,Net Annual Energy Demand (TWh),2040,68.25
Figure 1: Reference Scenario Demand Forecast by Sector,sector,Reference,Commercial Sector with Data Centres,Net Annual Energy Demand (TWh),2041,69.23
Figure 1: Reference Scenario Demand Forecast by Sector,sector,Reference,Commercial Sector with Data Centres,Net Annual Energy Demand (TWh),2042,70.11
Figure 1: Reference Scenario Demand Forecast by Sector,sector,Reference,Commercial Sector with Data Centres,Net Annual Energy Demand (TWh),2043,70.54
Figure 1: Reference Scenario Demand Forecast by Sector,sector,Reference,Commercial Sector with Data Centres,Net Annual Energy Demand (TWh),2044,71.13
Figure 1: Reference Scenario Demand Forecast by Sector,sector,Reference,Commercial Sector with Data Centres,Net Annual Energy Demand (TWh),2045,71.46
Figure 1: Reference Scenario Demand Forecast by Sector,sector,Reference,Commercial Sector with Data Centres,Net Annual Energy Demand (TWh),2046,71.93
Figure 1: Reference Scenario Demand Forecast by Sector,sector,Reference,Commercial Sector with Data Centres,Net Annual Energy Demand (TWh),2047,72.51
Figure 1: Reference Scenario Demand Forecast by Sector,sector,Reference,Commercial Sector with Data Centres,Net Annual Energy Demand (TWh),2048,73.27
Figure 1: Reference Scenario Demand Forecast by Sector,sector,Reference,Commercial Sector with Data Centres,Net Annual Energy Demand (TWh),2049,73.32
Figure 1: Reference Scenario Demand Forecast by Sector,sector,Reference,Commercial Sector with Data Centres,Net Annual Energy Demand (TWh),2050,73.74
Figure 1: Reference Scenario Demand Forecast by Sector,sector,Reference,Data Centres subsectors,Net Annual Energy Demand (TWh),2027,4.49
Figure 1: Reference Scenario Demand Forecast by Sector,sector,Reference,Data Centres subsectors,Net Annual Energy Demand (TWh),2028,4.99
Figure 1: Reference Scenario Demand Forecast by Sector,sector,Reference,Data Centres subsectors,Net Annual Energy Demand (TWh),2029,5.55
Figure 1: Reference Scenario Demand Forecast by Sector,sector,Reference,Data Centres subsectors,Net Annual Energy Demand (TWh),2030,6.41
Figure 1: Reference Scenario Demand Forecast by Sector,sector,Reference,Data Centres subsectors,Net Annual Energy Demand (TWh),2031,6.9
Figure 1: Reference Scenario Demand Forecast by Sector,sector,Reference,Data Centres subsectors,Net Annual Energy Demand (TWh),2032,7.27
Figure 1: Reference Scenario Demand Forecast by Sector,sector,Reference,Data Centres subsectors,Net Annual Energy Demand (TWh),2033,7.77
Figure 1: Reference Scenario Demand Forecast by Sector,sector,Reference,Data Centres subsectors,Net Annual Energy Demand (TWh),2034,7.88
Figure 1: Reference Scenario Demand Forecast by Sector,sector,Reference,Data Centres subsectors,Net Annual Energy Demand (TWh),2035,10.32
Figure 1: Reference Scenario Demand Forecast by Sector,sector,Reference,Data Centres subsectors,Net Annual Energy Demand (TWh),2036,13.03
Figure 1: Reference Scenario Demand Forecast by Sector,sector,Reference,Data Centres subsectors,Net Annual Energy Demand (TWh),2037,15.66
Figure 1: Reference Scenario Demand Forecast by Sector,sector,Reference,Data Centres subsectors,Net Annual Energy Demand (TWh),2038,18.17
Figure 1: Reference Scenario Demand Forecast by Sector,sector,Reference,Data Centres subsectors,Net Annual Energy Demand (TWh),2039,19.11
Figure 1: Reference Scenario Demand Forecast by Sector,sector,Reference,Data Centres subsectors,Net Annual Energy Demand (TWh),2040,19.9
Figure 1: Reference Scenario Demand Forecast by Sector,sector,Reference,Data Centres subsectors,Net Annual Energy Demand (TWh),2041,20.61
Figure 1: Reference Scenario Demand Forecast by Sector,sector,Reference,Data Centres subsectors,Net Annual Energy Demand (TWh),2042,21.34
Figure 1: Reference Scenario Demand Forecast by Sector,sector,Reference,Data Centres subsectors,Net Annual Energy Demand (TWh),2043,21.38
Figure 1: Reference Scenario Demand Forecast by Sector,sector,Reference,Data Centres subsectors,Net Annual Energy Demand (TWh),2044,21.47
Figure 1: Reference Scenario Demand Forecast by Sector,sector,Reference,Data Centres subsectors,Net Annual Energy Demand (TWh),2045,21.46
Figure 1: Reference Scenario Demand Forecast by Sector,sector,Reference,Data Centres subsectors,Net Annual Energy Demand (TWh),2046,21.51
Figure 1: Reference Scenario Demand Forecast by Sector,sector,Reference,Data Centres subsectors,Net Annual Energy Demand (TWh),2047,21.56
Figure 1: Reference Scenario Demand Forecast by Sector,sector,Reference,Data Centres subsectors,Net Annual Energy Demand (TWh),2048,21.66
Figure 1: Reference Scenario Demand Forecast by Sector,sector,Reference,Data Centres subsectors,Net Annual Energy Demand (TWh),2049,21.61
Figure 1: Reference Scenario Demand Forecast by Sector,sector,Reference,Data Centres subsectors,Net Annual Energy Demand (TWh),2050,21.64
Figure 1: Reference Scenario Demand Forecast by Sector,sector,Reference,Industrial Sector,Net Annual Energy Demand (TWh),2027,42.43
Figure 1: Reference Scenario Demand Forecast by Sector,sector,Reference,Industrial Sector,Net Annual Energy Demand (TWh),2028,45.1
Figure 1: Reference Scenario Demand Forecast by Sector,sector,Reference,Industrial Sector,Net Annual Energy Demand (TWh),2029,47.29
Figure 1: Reference Scenario Demand Forecast by Sector,sector,Reference,Industrial Sector,Net Annual Energy Demand (TWh),2030,50.26
Figure 1: Reference Scenario Demand Forecast by Sector,sector,Reference,Industrial Sector,Net Annual Energy Demand (TWh),2031,52.94
Figure 1: Reference Scenario Demand Forecast by Sector,sector,Reference,Industrial Sector,Net Annual Energy Demand (TWh),2032,55.17
Figure 1: Reference Scenario Demand Forecast by Sector,sector,Reference,Industrial Sector,Net Annual Energy Demand (TWh),2033,55.45
Figure 1: Reference Scenario Demand Forecast by Sector,sector,Reference,Industrial Sector,Net Annual Energy Demand (TWh),2034,55.5
Figure 1: Reference Scenario Demand Forecast by Sector,sector,Reference,Industrial Sector,Net Annual Energy Demand (TWh),2035,55.93
Figure 1: Reference Scenario Demand Forecast by Sector,sector,Reference,Industrial Sector,Net Annual Energy Demand (TWh),2036,56.23
Figure 1: Reference Scenario Demand Forecast by Sector,sector,Reference,Industrial Sector,Net Annual Energy Demand (TWh),2037,56.03
Figure 1: Reference Scenario Demand Forecast by Sector,sector,Reference,Industrial Sector,Net Annual Energy Demand (TWh),2038,56.49
Figure 1: Reference Scenario Demand Forecast by Sector,sector,Reference,Industrial Sector,Net Annual Energy Demand (TWh),2039,56.61
Figure 1: Reference Scenario Demand Forecast by Sector,sector,Reference,Industrial Sector,Net Annual Energy Demand (TWh),2040,57.35
Figure 1: Reference Scenario Demand Forecast by Sector,sector,Reference,Industrial Sector,Net Annual Energy Demand (TWh),2041,57.75
Figure 1: Reference Scenario Demand Forecast by Sector,sector,Reference,Industrial Sector,Net Annual Energy Demand (TWh),2042,58.13
Figure 1: Reference Scenario Demand Forecast by Sector,sector,Reference,Industrial Sector,Net Annual Energy Demand (TWh),2043,58.43
Figure 1: Reference Scenario Demand Forecast by Sector,sector,Reference,Industrial Sector,Net Annual Energy Demand (TWh),2044,59.98
Figure 1: Reference Scenario Demand Forecast by Sector,sector,Reference,Industrial Sector,Net Annual Energy Demand (TWh),2045,60.69
Figure 1: Reference Scenario Demand Forecast by Sector,sector,Reference,Industrial Sector,Net Annual Energy Demand (TWh),2046,61.69
Figure 1: Reference Scenario Demand Forecast by Sector,sector,Reference,Industrial Sector,Net Annual Energy Demand (TWh),2047,62.8
Figure 1: Reference Scenario Demand Forecast by Sector,sector,Reference,Industrial Sector,Net Annual Energy Demand (TWh),2048,64.08
Figure 1: Reference Scenario Demand Forecast by Sector,sector,Reference,Industrial Sector,Net Annual Energy Demand (TWh),2049,65.34
Figure 1: Reference Scenario Demand Forecast by Sector,sector,Reference,Industrial Sector,Net Annual Energy Demand (TWh),2050,66.51
Figure 1: Reference Scenario Demand Forecast by Sector,sector,Reference,Agricultural Sector,Net Annual Energy Demand (TWh),2027,3.95
Figure 1: Reference Scenario Demand Forecast by Sector,sector,Reference,Agricultural Sector,Net Annual Energy Demand (TWh),2028,4.49
Figure 1: Reference Scenario Demand Forecast by Sector,sector,Reference,Agricultural Sector,Net Annual Energy Demand (TWh),2029,4.56
Figure 1: Reference Scenario Demand Forecast by Sector,sector,Reference,Agricultural Sector,Net Annual Energy Demand (TWh),2030,4.73
Figure 1: Reference Scenario Demand Forecast by Sector,sector,Reference,Agricultural Sector,Net Annual Energy Demand (TWh),2031,4.91
Figure 1: Reference Scenario Demand Forecast by Sector,sector,Reference,Agricultural Sector,Net Annual Energy Demand (TWh),2032,4.94
Figure 1: Reference Scenario Demand Forecast by Sector,sector,Reference,Agricultural Sector,Net Annual Energy Demand (TWh),2033,4.98
Figure 1: Reference Scenario Demand Forecast by Sector,sector,Reference,Agricultural Sector,Net Annual Energy Demand (TWh),2034,4.99
Figure 1: Reference Scenario Demand Forecast by Sector,sector,Reference,Agricultural Sector,Net Annual Energy Demand (TWh),2035,5.0
Figure 1: Reference Scenario Demand Forecast by Sector,sector,Reference,Agricultural Sector,Net Annual Energy Demand (TWh),2036,5.03
Figure 1: Reference Scenario Demand Forecast by Sector,sector,Reference,Agricultural Sector,Net Annual Energy Demand (TWh),2037,5.03
Figure 1: Reference Scenario Demand Forecast by Sector,sector,Reference,Agricultural Sector,Net Annual Energy Demand (TWh),2038,5.08
Figure 1: Reference Scenario Demand Forecast by Sector,sector,Reference,Agricultural Sector,Net Annual Energy Demand (TWh),2039,5.09
Figure 1: Reference Scenario Demand Forecast by Sector,sector,Reference,Agricultural Sector,Net Annual Energy Demand (TWh),2040,5.14
Figure 1: Reference Scenario Demand Forecast by Sector,sector,Reference,Agricultural Sector,Net Annual Energy Demand (TWh),2041,5.15
Figure 1: Reference Scenario Demand Forecast by Sector,sector,Reference,Agricultural Sector,Net Annual Energy Demand (TWh),2042,5.16
Figure 1: Reference Scenario Demand Forecast by Sector,sector,Reference,Agricultural Sector,Net Annual Energy Demand (TWh),2043,5.17
Figure 1: Reference Scenario Demand Forecast by Sector,sector,Reference,Agricultural Sector,Net Annual Energy Demand (TWh),2044,5.19
Figure 1: Reference Scenario Demand Forecast by Sector,sector,Reference,Agricultural Sector,Net Annual Energy Demand (TWh),2045,5.19
Figure 1: Reference Scenario Demand Forecast by Sector,sector,Reference,Agricultural Sector,Net Annual Energy Demand (TWh),2046,5.23
Figure 1: Reference Scenario Demand Forecast by Sector,sector,Reference,Agricultural Sector,Net Annual Energy Demand (TWh),2047,5.25
Figure 1: Reference Scenario Demand Forecast by Sector,sector,Reference,Agricultural Sector,Net Annual Energy Demand (TWh),2048,5.28
Figure 1: Reference Scenario Demand Forecast by Sector,sector,Reference,Agricultural Sector,Net Annual Energy Demand (TWh),2049,5.29
Figure 1: Reference Scenario Demand Forecast by Sector,sector,Reference,Agricultural Sector,Net Annual Energy Demand (TWh),2050,5.31
Figure 1: Reference Scenario Demand Forecast by Sector,sector,Reference,Transportation Sector,Net Annual Energy Demand (TWh),2027,2.66
Figure 1: Reference Scenario Demand Forecast by Sector,sector,Reference,Transportation Sector,Net Annual Energy Demand (TWh),2028,3.89
Figure 1: Reference Scenario Demand Forecast by Sector,sector,Reference,Transportation Sector,Net Annual Energy Demand (TWh),2029,5.22
Figure 1: Reference Scenario Demand Forecast by Sector,sector,Reference,Transportation Sector,Net Annual Energy Demand (TWh),2030,6.84
Figure 1: Reference Scenario Demand Forecast by Sector,sector,Reference,Transportation Sector,Net Annual Energy Demand (TWh),2031,8.37
Figure 1: Reference Scenario Demand Forecast by Sector,sector,Reference,Transportation Sector,Net Annual Energy Demand (TWh),2032,11.37
Figure 1: Reference Scenario Demand Forecast by Sector,sector,Reference,Transportation Sector,Net Annual Energy Demand (TWh),2033,13.23
Figure 1: Reference Scenario Demand Forecast by Sector,sector,Reference,Transportation Sector,Net Annual Energy Demand (TWh),2034,15.25
Figure 1: Reference Scenario Demand Forecast by Sector,sector,Reference,Transportation Sector,Net Annual Energy Demand (TWh),2035,17.4
Figure 1: Reference Scenario Demand Forecast by Sector,sector,Reference,Transportation Sector,Net Annual Energy Demand (TWh),2036,19.59
Figure 1: Reference Scenario Demand Forecast by Sector,sector,Reference,Transportation Sector,Net Annual Energy Demand (TWh),2037,21.62
Figure 1: Reference Scenario Demand Forecast by Sector,sector,Reference,Transportation Sector,Net Annual Energy Demand (TWh),2038,23.65
Figure 1: Reference Scenario Demand Forecast by Sector,sector,Reference,Transportation Sector,Net Annual Energy Demand (TWh),2039,25.53
Figure 1: Reference Scenario Demand Forecast by Sector,sector,Reference,Transportation Sector,Net Annual Energy Demand (TWh),2040,27.38
Figure 1: Reference Scenario Demand Forecast by Sector,sector,Reference,Transportation Sector,Net Annual Energy Demand (TWh),2041,29.03
Figure 1: Reference Scenario Demand Forecast by Sector,sector,Reference,Transportation Sector,Net Annual Energy Demand (TWh),2042,30.62
Figure 1: Reference Scenario Demand Forecast by Sector,sector,Reference,Transportation Sector,Net Annual Energy Demand (TWh),2043,32.09
Figure 1: Reference Scenario Demand Forecast by Sector,sector,Reference,Transportation Sector,Net Annual Energy Demand (TWh),2044,33.5
Figure 1: Reference Scenario Demand Forecast by Sector,sector,Reference,Transportation Sector,Net Annual Energy Demand (TWh),2045,34.6
Figure 1: Reference Scenario Demand Forecast by Sector,sector,Reference,Transportation Sector,Net Annual Energy Demand (TWh),2046,35.74
Figure 1: Reference Scenario Demand Forecast by Sector,sector,Reference,Transportation Sector,Net Annual Energy Demand (TWh),2047,36.7
Figure 1: Reference Scenario Demand Forecast by Sector,sector,Reference,Transportation Sector,Net Annual Energy Demand (TWh),2048,37.73
Figure 1: Reference Scenario Demand Forecast by Sector,sector,Reference,Transportation Sector,Net Annual Energy Demand (TWh),2049,38.35
Figure 1: Reference Scenario Demand Forecast by Sector,sector,Reference,Transportation Sector,Net Annual Energy Demand (TWh),2050,39.04
Figure 1: Reference Scenario Demand Forecast by Sector,sector,Reference,Other Electricity Demand,Net Annual Energy Demand (TWh),2027,5.57
Figure 1: Reference Scenario Demand Forecast by Sector,sector,Reference,Other Electricity Demand,Net Annual Energy Demand (TWh),2028,5.63
Figure 1: Reference Scenario Demand Forecast by Sector,sector,Reference,Other Electricity Demand,Net Annual Energy Demand (TWh),2029,5.66
Figure 1: Reference Scenario Demand Forecast by Sector,sector,Reference,Other Electricity Demand,Net Annual Energy Demand (TWh),2030,5.7
Figure 1: Reference Scenario Demand Forecast by Sector,sector,Reference,Other Electricity Demand,Net Annual Energy Demand (TWh),2031,5.74
Figure 1: Reference Scenario Demand Forecast by Sector,sector,Reference,Other Electricity Demand,Net Annual Energy Demand (TWh),2032,5.79
Figure 1: Reference Scenario Demand Forecast by Sector,sector,Reference,Other Electricity Demand,Net Annual Energy Demand (TWh),2033,5.81
Figure 1: Reference Scenario Demand Forecast by Sector,sector,Reference,Other Electricity Demand,Net Annual Energy Demand (TWh),2034,5.85
Figure 1: Reference Scenario Demand Forecast by Sector,sector,Reference,Other Electricity Demand,Net Annual Energy Demand (TWh),2035,5.89
Figure 1: Reference Scenario Demand Forecast by Sector,sector,Reference,Other Electricity Demand,Net Annual Energy Demand (TWh),2036,5.96
Figure 1: Reference Scenario Demand Forecast by Sector,sector,Reference,Other Electricity Demand,Net Annual Energy Demand (TWh),2037,5.99
Figure 1: Reference Scenario Demand Forecast by Sector,sector,Reference,Other Electricity Demand,Net Annual Energy Demand (TWh),2038,6.03
Figure 1: Reference Scenario Demand Forecast by Sector,sector,Reference,Other Electricity Demand,Net Annual Energy Demand (TWh),2039,6.07
Figure 1: Reference Scenario Demand Forecast by Sector,sector,Reference,Other Electricity Demand,Net Annual Energy Demand (TWh),2040,6.14
Figure 1: Reference Scenario Demand Forecast by Sector,sector,Reference,Other Electricity Demand,Net Annual Energy Demand (TWh),2041,6.17
Figure 1: Reference Scenario Demand Forecast by Sector,sector,Reference,Other Electricity Demand,Net Annual Energy Demand (TWh),2042,6.21
Figure 1: Reference Scenario Demand Forecast by Sector,sector,Reference,Other Electricity Demand,Net Annual Energy Demand (TWh),2043,6.25
Figure 1: Reference Scenario Demand Forecast by Sector,sector,Reference,Other Electricity Demand,Net Annual Energy Demand (TWh),2044,6.32
Figure 1: Reference Scenario Demand Forecast by Sector,sector,Reference,Other Electricity Demand,Net Annual Energy Demand (TWh),2045,6.34
Figure 1: Reference Scenario Demand Forecast by Sector,sector,Reference,Other Electricity Demand,Net Annual Energy Demand (TWh),2046,6.39
Figure 1: Reference Scenario Demand Forecast by Sector,sector,Reference,Other Electricity Demand,Net Annual Energy Demand (TWh),2047,6.44
Figure 1: Reference Scenario Demand Forecast by Sector,sector,Reference,Other Electricity Demand,Net Annual Energy Demand (TWh),2048,6.51
Figure 1: Reference Scenario Demand Forecast by Sector,sector,Reference,Other Electricity Demand,Net Annual Energy Demand (TWh),2049,6.54
Figure 1: Reference Scenario Demand Forecast by Sector,sector,Reference,Other Electricity Demand,Net Annual Energy Demand (TWh),2050,6.59
Figure 2: High-Demand Scenario Demand Forecast by Sector,sector,High-Demand,Residential Sector,Net Annual Energy Demand (TWh),2027,50.44
Figure 2: High-Demand Scenario Demand Forecast by Sector,sector,High-Demand,Residential Sector,Net Annual Energy Demand (TWh),2028,51.04
Figure 2: High-Demand Scenario Demand Forecast by Sector,sector,High-Demand,Residential Sector,Net Annual Energy Demand (TWh),2029,50.63
Figure 2: High-Demand Scenario Demand Forecast by Sector,sector,High-Demand,Residential Sector,Net Annual Energy Demand (TWh),2030,50.97
Figure 2: High-Demand Scenario Demand Forecast by Sector,sector,High-Demand,Residential Sector,Net Annual Energy Demand (TWh),2031,51.57
Figure 2: High-Demand Scenario Demand Forecast by Sector,sector,High-Demand,Residential Sector,Net Annual Energy Demand (TWh),2032,52.44
Figure 2: High-Demand Scenario Demand Forecast by Sector,sector,High-Demand,Residential Sector,Net Annual Energy Demand (TWh),2033,53.4
Figure 2: High-Demand Scenario Demand Forecast by Sector,sector,High-Demand,Residential Sector,Net Annual Energy Demand (TWh),2034,54.29
Figure 2: High-Demand Scenario Demand Forecast by Sector,sector,High-Demand,Residential Sector,Net Annual Energy Demand (TWh),2035,55.19
Figure 2: High-Demand Scenario Demand Forecast by Sector,sector,High-Demand,Residential Sector,Net Annual Energy Demand (TWh),2036,56.04
Figure 2: High-Demand Scenario Demand Forecast by Sector,sector,High-Demand,Residential Sector,Net Annual Energy Demand (TWh),2037,56.75
Figure 2: High-Demand Scenario Demand Forecast by Sector,sector,High-Demand,Residential Sector,Net Annual Energy Demand (TWh),2038,57.24
Figure 2: High-Demand Scenario Demand Forecast by Sector,sector,High-Demand,Residential Sector,Net Annual Energy Demand (TWh),2039,57.96
Figure 2: High-Demand Scenario Demand Forecast by Sector,sector,High-Demand,Residential Sector,Net Annual Energy Demand (TWh),2040,59.46
Figure 2: High-Demand Scenario Demand Forecast by Sector,sector,High-Demand,Residential Sector,Net Annual Energy Demand (TWh),2041,60.42
Figure 2: High-Demand Scenario Demand Forecast by Sector,sector,High-Demand,Residential Sector,Net Annual Energy Demand (TWh),2042,61.51
Figure 2: High-Demand Scenario Demand Forecast by Sector,sector,High-Demand,Residential Sector,Net Annual Energy Demand (TWh),2043,62.67
Figure 2: High-Demand Scenario Demand Forecast by Sector,sector,High-Demand,Residential Sector,Net Annual Energy Demand (TWh),2044,64.1
Figure 2: High-Demand Scenario Demand Forecast by Sector,sector,High-Demand,Residential Sector,Net Annual Energy Demand (TWh),2045,65.2
Figure 2: High-Demand Scenario Demand Forecast by Sector,sector,High-Demand,Residential Sector,Net Annual Energy Demand (TWh),2046,66.59
Figure 2: High-Demand Scenario Demand Forecast by Sector,sector,High-Demand,Residential Sector,Net Annual Energy Demand (TWh),2047,67.57
Figure 2: High-Demand Scenario Demand Forecast by Sector,sector,High-Demand,Residential Sector,Net Annual Energy Demand (TWh),2048,69.03
Figure 2: High-Demand Scenario Demand Forecast by Sector,sector,High-Demand,Residential Sector,Net Annual Energy Demand (TWh),2049,70.06
Figure 2: High-Demand Scenario Demand Forecast by Sector,sector,High-Demand,Residential Sector,Net Annual Energy Demand (TWh),2050,71.32
Figure 2: High-Demand Scenario Demand Forecast by Sector,sector,High-Demand,Commercial Sector with Data Centres,Net Annual Energy Demand (TWh),2027,52.93
Figure 2: High-Demand Scenario Demand Forecast by Sector,sector,High-Demand,Commercial Sector with Data Centres,Net Annual Energy Demand (TWh),2028,54.43
Figure 2: High-Demand Scenario Demand Forecast by Sector,sector,High-Demand,Commercial Sector with Data Centres,Net Annual Energy Demand (TWh),2029,55.66
Figure 2: High-Demand Scenario Demand Forecast by Sector,sector,High-Demand,Commercial Sector with Data Centres,Net Annual Energy Demand (TWh),2030,57.26
Figure 2: High-Demand Scenario Demand Forecast by Sector,sector,High-Demand,Commercial Sector with Data Centres,Net Annual Energy Demand (TWh),2031,58.37
Figure 2: High-Demand Scenario Demand Forecast by Sector,sector,High-Demand,Commercial Sector with Data Centres,Net Annual Energy Demand (TWh),2032,58.81
Figure 2: High-Demand Scenario Demand Forecast by Sector,sector,High-Demand,Commercial Sector with Data Centres,Net Annual Energy Demand (TWh),2033,58.98
Figure 2: High-Demand Scenario Demand Forecast by Sector,sector,High-Demand,Commercial Sector with Data Centres,Net Annual Energy Demand (TWh),2034,58.88
Figure 2: High-Demand Scenario Demand Forecast by Sector,sector,High-Demand,Commercial Sector with Data Centres,Net Annual Energy Demand (TWh),2035,62.89
Figure 2: High-Demand Scenario Demand Forecast by Sector,sector,High-Demand,Commercial Sector with Data Centres,Net Annual Energy Demand (TWh),2036,67.47
Figure 2: High-Demand Scenario Demand Forecast by Sector,sector,High-Demand,Commercial Sector with Data Centres,Net Annual Energy Demand (TWh),2037,71.6
Figure 2: High-Demand Scenario Demand Forecast by Sector,sector,High-Demand,Commercial Sector with Data Centres,Net Annual Energy Demand (TWh),2038,75.98
Figure 2: High-Demand Scenario Demand Forecast by Sector,sector,High-Demand,Commercial Sector with Data Centres,Net Annual Energy Demand (TWh),2039,77.0
Figure 2: High-Demand Scenario Demand Forecast by Sector,sector,High-Demand,Commercial Sector with Data Centres,Net Annual Energy Demand (TWh),2040,78.36
Figure 2: High-Demand Scenario Demand Forecast by Sector,sector,High-Demand,Commercial Sector with Data Centres,Net Annual Energy Demand (TWh),2041,79.39
Figure 2: High-Demand Scenario Demand Forecast by Sector,sector,High-Demand,Commercial Sector with Data Centres,Net Annual Energy Demand (TWh),2042,80.35
Figure 2: High-Demand Scenario Demand Forecast by Sector,sector,High-Demand,Commercial Sector with Data Centres,Net Annual Energy Demand (TWh),2043,80.86
Figure 2: High-Demand Scenario Demand Forecast by Sector,sector,High-Demand,Commercial Sector with Data Centres,Net Annual Energy Demand (TWh),2044,81.65
Figure 2: High-Demand Scenario Demand Forecast by Sector,sector,High-Demand,Commercial Sector with Data Centres,Net Annual Energy Demand (TWh),2045,82.08
Figure 2: High-Demand Scenario Demand Forecast by Sector,sector,High-Demand,Commercial Sector with Data Centres,Net Annual Energy Demand (TWh),2046,82.68
Figure 2: High-Demand Scenario Demand Forecast by Sector,sector,High-Demand,Commercial Sector with Data Centres,Net Annual Energy Demand (TWh),2047,83.46
Figure 2: High-Demand Scenario Demand Forecast by Sector,sector,High-Demand,Commercial Sector with Data Centres,Net Annual Energy Demand (TWh),2048,84.48
Figure 2: High-Demand Scenario Demand Forecast by Sector,sector,High-Demand,Commercial Sector with Data Centres,Net Annual Energy Demand (TWh),2049,84.7
Figure 2: High-Demand Scenario Demand Forecast by Sector,sector,High-Demand,Commercial Sector with Data Centres,Net Annual Energy Demand (TWh),2050,85.29
Figure 2: High-Demand Scenario Demand Forecast by Sector,sector,High-Demand,Data Centres subsectors,Net Annual Energy Demand (TWh),2027,4.49
Figure 2: High-Demand Scenario Demand Forecast by Sector,sector,High-Demand,Data Centres subsectors,Net Annual Energy Demand (TWh),2028,4.99
Figure 2: High-Demand Scenario Demand Forecast by Sector,sector,High-Demand,Data Centres subsectors,Net Annual Energy Demand (TWh),2029,5.54
Figure 2: High-Demand Scenario Demand Forecast by Sector,sector,High-Demand,Data Centres subsectors,Net Annual Energy Demand (TWh),2030,6.4
Figure 2: High-Demand Scenario Demand Forecast by Sector,sector,High-Demand,Data Centres subsectors,Net Annual Energy Demand (TWh),2031,6.89
Figure 2: High-Demand Scenario Demand Forecast by Sector,sector,High-Demand,Data Centres subsectors,Net Annual Energy Demand (TWh),2032,7.25
Figure 2: High-Demand Scenario Demand Forecast by Sector,sector,High-Demand,Data Centres subsectors,Net Annual Energy Demand (TWh),2033,7.75
Figure 2: High-Demand Scenario Demand Forecast by Sector,sector,High-Demand,Data Centres subsectors,Net Annual Energy Demand (TWh),2034,7.84
Figure 2: High-Demand Scenario Demand Forecast by Sector,sector,High-Demand,Data Centres subsectors,Net Annual Energy Demand (TWh),2035,11.91
Figure 2: High-Demand Scenario Demand Forecast by Sector,sector,High-Demand,Data Centres subsectors,Net Annual Energy Demand (TWh),2036,16.33
Figure 2: High-Demand Scenario Demand Forecast by Sector,sector,High-Demand,Data Centres subsectors,Net Annual Energy Demand (TWh),2037,20.62
Figure 2: High-Demand Scenario Demand Forecast by Sector,sector,High-Demand,Data Centres subsectors,Net Annual Energy Demand (TWh),2038,24.72
Figure 2: High-Demand Scenario Demand Forecast by Sector,sector,High-Demand,Data Centres subsectors,Net Annual Energy Demand (TWh),2039,25.72
Figure 2: High-Demand Scenario Demand Forecast by Sector,sector,High-Demand,Data Centres subsectors,Net Annual Energy Demand (TWh),2040,26.53
Figure 2: High-Demand Scenario Demand Forecast by Sector,sector,High-Demand,Data Centres subsectors,Net Annual Energy Demand (TWh),2041,27.23
Figure 2: High-Demand Scenario Demand Forecast by Sector,sector,High-Demand,Data Centres subsectors,Net Annual Energy Demand (TWh),2042,27.96
Figure 2: High-Demand Scenario Demand Forecast by Sector,sector,High-Demand,Data Centres subsectors,Net Annual Energy Demand (TWh),2043,28.01
Figure 2: High-Demand Scenario Demand Forecast by Sector,sector,High-Demand,Data Centres subsectors,Net Annual Energy Demand (TWh),2044,28.14
Figure 2: High-Demand Scenario Demand Forecast by Sector,sector,High-Demand,Data Centres subsectors,Net Annual Energy Demand (TWh),2045,28.14
Figure 2: High-Demand Scenario Demand Forecast by Sector,sector,High-Demand,Data Centres subsectors,Net Annual Energy Demand (TWh),2046,28.21
Figure 2: High-Demand Scenario Demand Forecast by Sector,sector,High-Demand,Data Centres subsectors,Net Annual Energy Demand (TWh),2047,28.28
Figure 2: High-Demand Scenario Demand Forecast by Sector,sector,High-Demand,Data Centres subsectors,Net Annual Energy Demand (TWh),2048,28.42
Figure 2: High-Demand Scenario Demand Forecast by Sector,sector,High-Demand,Data Centres subsectors,Net Annual Energy Demand (TWh),2049,28.35
Figure 2: High-Demand Scenario Demand Forecast by Sector,sector,High-Demand,Data Centres subsectors,Net Annual Energy Demand (TWh),2050,28.38
Figure 2: High-Demand Scenario Demand Forecast by Sector,sector,High-Demand,Industrial Sector,Net Annual Energy Demand (TWh),2027,43.69
Figure 2: High-Demand Scenario Demand Forecast by Sector,sector,High-Demand,Industrial Sector,Net Annual Energy Demand (TWh),2028,46.75
Figure 2: High-Demand Scenario Demand Forecast by Sector,sector,High-Demand,Industrial Sector,Net Annual Energy Demand (TWh),2029,51.54
Figure 2: High-Demand Scenario Demand Forecast by Sector,sector,High-Demand,Industrial Sector,Net Annual Energy Demand (TWh),2030,53.96
Figure 2: High-Demand Scenario Demand Forecast by Sector,sector,High-Demand,Industrial Sector,Net Annual Energy Demand (TWh),2031,56.26
Figure 2: High-Demand Scenario Demand Forecast by Sector,sector,High-Demand,Industrial Sector,Net Annual Energy Demand (TWh),2032,58.72
Figure 2: High-Demand Scenario Demand Forecast by Sector,sector,High-Demand,Industrial Sector,Net Annual Energy Demand (TWh),2033,59.68
Figure 2: High-Demand Scenario Demand Forecast by Sector,sector,High-Demand,Industrial Sector,Net Annual Energy Demand (TWh),2034,60.57
Figure 2: High-Demand Scenario Demand Forecast by Sector,sector,High-Demand,Industrial Sector,Net Annual Energy Demand (TWh),2035,62.12
Figure 2: High-Demand Scenario Demand Forecast by Sector,sector,High-Demand,Industrial Sector,Net Annual Energy Demand (TWh),2036,63.07
Figure 2: High-Demand Scenario Demand Forecast by Sector,sector,High-Demand,Industrial Sector,Net Annual Energy Demand (TWh),2037,63.49
Figure 2: High-Demand Scenario Demand Forecast by Sector,sector,High-Demand,Industrial Sector,Net Annual Energy Demand (TWh),2038,63.91
Figure 2: High-Demand Scenario Demand Forecast by Sector,sector,High-Demand,Industrial Sector,Net Annual Energy Demand (TWh),2039,63.9
Figure 2: High-Demand Scenario Demand Forecast by Sector,sector,High-Demand,Industrial Sector,Net Annual Energy Demand (TWh),2040,66.07
Figure 2: High-Demand Scenario Demand Forecast by Sector,sector,High-Demand,Industrial Sector,Net Annual Energy Demand (TWh),2041,66.32
Figure 2: High-Demand Scenario Demand Forecast by Sector,sector,High-Demand,Industrial Sector,Net Annual Energy Demand (TWh),2042,68.08
Figure 2: High-Demand Scenario Demand Forecast by Sector,sector,High-Demand,Industrial Sector,Net Annual Energy Demand (TWh),2043,69.08
Figure 2: High-Demand Scenario Demand Forecast by Sector,sector,High-Demand,Industrial Sector,Net Annual Energy Demand (TWh),2044,70.56
Figure 2: High-Demand Scenario Demand Forecast by Sector,sector,High-Demand,Industrial Sector,Net Annual Energy Demand (TWh),2045,71.43
Figure 2: High-Demand Scenario Demand Forecast by Sector,sector,High-Demand,Industrial Sector,Net Annual Energy Demand (TWh),2046,72.9
Figure 2: High-Demand Scenario Demand Forecast by Sector,sector,High-Demand,Industrial Sector,Net Annual Energy Demand (TWh),2047,73.9
Figure 2: High-Demand Scenario Demand Forecast by Sector,sector,High-Demand,Industrial Sector,Net Annual Energy Demand (TWh),2048,74.99
Figure 2: High-Demand Scenario Demand Forecast by Sector,sector,High-Demand,Industrial Sector,Net Annual Energy Demand (TWh),2049,78.27
Figure 2: High-Demand Scenario Demand Forecast by Sector,sector,High-Demand,Industrial Sector,Net Annual Energy Demand (TWh),2050,79.46
Figure 2: High-Demand Scenario Demand Forecast by Sector,sector,High-Demand,Agricultural Sector,Net Annual Energy Demand (TWh),2027,4.1
Figure 2: High-Demand Scenario Demand Forecast by Sector,sector,High-Demand,Agricultural Sector,Net Annual Energy Demand (TWh),2028,4.86
Figure 2: High-Demand Scenario Demand Forecast by Sector,sector,High-Demand,Agricultural Sector,Net Annual Energy Demand (TWh),2029,5.2
Figure 2: High-Demand Scenario Demand Forecast by Sector,sector,High-Demand,Agricultural Sector,Net Annual Energy Demand (TWh),2030,5.83
Figure 2: High-Demand Scenario Demand Forecast by Sector,sector,High-Demand,Agricultural Sector,Net Annual Energy Demand (TWh),2031,6.5
Figure 2: High-Demand Scenario Demand Forecast by Sector,sector,High-Demand,Agricultural Sector,Net Annual Energy Demand (TWh),2032,6.96
Figure 2: High-Demand Scenario Demand Forecast by Sector,sector,High-Demand,Agricultural Sector,Net Annual Energy Demand (TWh),2033,7.43
Figure 2: High-Demand Scenario Demand Forecast by Sector,sector,High-Demand,Agricultural Sector,Net Annual Energy Demand (TWh),2034,7.88
Figure 2: High-Demand Scenario Demand Forecast by Sector,sector,High-Demand,Agricultural Sector,Net Annual Energy Demand (TWh),2035,8.35
Figure 2: High-Demand Scenario Demand Forecast by Sector,sector,High-Demand,Agricultural Sector,Net Annual Energy Demand (TWh),2036,8.79
Figure 2: High-Demand Scenario Demand Forecast by Sector,sector,High-Demand,Agricultural Sector,Net Annual Energy Demand (TWh),2037,9.06
Figure 2: High-Demand Scenario Demand Forecast by Sector,sector,High-Demand,Agricultural Sector,Net Annual Energy Demand (TWh),2038,9.35
Figure 2: High-Demand Scenario Demand Forecast by Sector,sector,High-Demand,Agricultural Sector,Net Annual Energy Demand (TWh),2039,9.57
Figure 2: High-Demand Scenario Demand Forecast by Sector,sector,High-Demand,Agricultural Sector,Net Annual Energy Demand (TWh),2040,9.85
Figure 2: High-Demand Scenario Demand Forecast by Sector,sector,High-Demand,Agricultural Sector,Net Annual Energy Demand (TWh),2041,10.06
Figure 2: High-Demand Scenario Demand Forecast by Sector,sector,High-Demand,Agricultural Sector,Net Annual Energy Demand (TWh),2042,10.28
Figure 2: High-Demand Scenario Demand Forecast by Sector,sector,High-Demand,Agricultural Sector,Net Annual Energy Demand (TWh),2043,10.44
Figure 2: High-Demand Scenario Demand Forecast by Sector,sector,High-Demand,Agricultural Sector,Net Annual Energy Demand (TWh),2044,10.49
Figure 2: High-Demand Scenario Demand Forecast by Sector,sector,High-Demand,Agricultural Sector,Net Annual Energy Demand (TWh),2045,10.47
Figure 2: High-Demand Scenario Demand Forecast by Sector,sector,High-Demand,Agricultural Sector,Net Annual Energy Demand (TWh),2046,10.48
Figure 2: High-Demand Scenario Demand Forecast by Sector,sector,High-Demand,Agricultural Sector,Net Annual Energy Demand (TWh),2047,10.48
Figure 2: High-Demand Scenario Demand Forecast by Sector,sector,High-Demand,Agricultural Sector,Net Annual Energy Demand (TWh),2048,10.51
Figure 2: High-Demand Scenario Demand Forecast by Sector,sector,High-Demand,Agricultural Sector,Net Annual Energy Demand (TWh),2049,10.48
Figure 2: High-Demand Scenario Demand Forecast by Sector,sector,High-Demand,Agricultural Sector,Net Annual Energy Demand (TWh),2050,10.48
Figure 2: High-Demand Scenario Demand Forecast by Sector,sector,High-Demand,Transportation Sector,Net Annual Energy Demand (TWh),2027,3.94
Figure 2: High-Demand Scenario Demand Forecast by Sector,sector,High-Demand,Transportation Sector,Net Annual Energy Demand (TWh),2028,5.18
Figure 2: High-Demand Scenario Demand Forecast by Sector,sector,High-Demand,Transportation Sector,Net Annual Energy Demand (TWh),2029,6.81
Figure 2: High-Demand Scenario Demand Forecast by Sector,sector,High-Demand,Transportation Sector,Net Annual Energy Demand (TWh),2030,9.09
Figure 2: High-Demand Scenario Demand Forecast by Sector,sector,High-Demand,Transportation Sector,Net Annual Energy Demand (TWh),2031,11.39
Figure 2: High-Demand Scenario Demand Forecast by Sector,sector,High-Demand,Transportation Sector,Net Annual Energy Demand (TWh),2032,15.23
Figure 2: High-Demand Scenario Demand Forecast by Sector,sector,High-Demand,Transportation Sector,Net Annual Energy Demand (TWh),2033,17.88
Figure 2: High-Demand Scenario Demand Forecast by Sector,sector,High-Demand,Transportation Sector,Net Annual Energy Demand (TWh),2034,20.6
Figure 2: High-Demand Scenario Demand Forecast by Sector,sector,High-Demand,Transportation Sector,Net Annual Energy Demand (TWh),2035,23.56
Figure 2: High-Demand Scenario Demand Forecast by Sector,sector,High-Demand,Transportation Sector,Net Annual Energy Demand (TWh),2036,26.34
Figure 2: High-Demand Scenario Demand Forecast by Sector,sector,High-Demand,Transportation Sector,Net Annual Energy Demand (TWh),2037,28.72
Figure 2: High-Demand Scenario Demand Forecast by Sector,sector,High-Demand,Transportation Sector,Net Annual Energy Demand (TWh),2038,30.94
Figure 2: High-Demand Scenario Demand Forecast by Sector,sector,High-Demand,Transportation Sector,Net Annual Energy Demand (TWh),2039,32.89
Figure 2: High-Demand Scenario Demand Forecast by Sector,sector,High-Demand,Transportation Sector,Net Annual Energy Demand (TWh),2040,34.69
Figure 2: High-Demand Scenario Demand Forecast by Sector,sector,High-Demand,Transportation Sector,Net Annual Energy Demand (TWh),2041,36.18
Figure 2: High-Demand Scenario Demand Forecast by Sector,sector,High-Demand,Transportation Sector,Net Annual Energy Demand (TWh),2042,37.55
Figure 2: High-Demand Scenario Demand Forecast by Sector,sector,High-Demand,Transportation Sector,Net Annual Energy Demand (TWh),2043,38.75
Figure 2: High-Demand Scenario Demand Forecast by Sector,sector,High-Demand,Transportation Sector,Net Annual Energy Demand (TWh),2044,39.9
Figure 2: High-Demand Scenario Demand Forecast by Sector,sector,High-Demand,Transportation Sector,Net Annual Energy Demand (TWh),2045,40.66
Figure 2: High-Demand Scenario Demand Forecast by Sector,sector,High-Demand,Transportation Sector,Net Annual Energy Demand (TWh),2046,41.48
Figure 2: High-Demand Scenario Demand Forecast by Sector,sector,High-Demand,Transportation Sector,Net Annual Energy Demand (TWh),2047,42.09
Figure 2: High-Demand Scenario Demand Forecast by Sector,sector,High-Demand,Transportation Sector,Net Annual Energy Demand (TWh),2048,42.82
Figure 2: High-Demand Scenario Demand Forecast by Sector,sector,High-Demand,Transportation Sector,Net Annual Energy Demand (TWh),2049,43.11
Figure 2: High-Demand Scenario Demand Forecast by Sector,sector,High-Demand,Transportation Sector,Net Annual Energy Demand (TWh),2050,43.46
Figure 2: High-Demand Scenario Demand Forecast by Sector,sector,High-Demand,Other Electricity Demand,Net Annual Energy Demand (TWh),2027,5.68
Figure 2: High-Demand Scenario Demand Forecast by Sector,sector,High-Demand,Other Electricity Demand,Net Annual Energy Demand (TWh),2028,5.76
Figure 2: High-Demand Scenario Demand Forecast by Sector,sector,High-Demand,Other Electricity Demand,Net Annual Energy Demand (TWh),2029,5.8
Figure 2: High-Demand Scenario Demand Forecast by Sector,sector,High-Demand,Other Electricity Demand,Net Annual Energy Demand (TWh),2030,5.85
Figure 2: High-Demand Scenario Demand Forecast by Sector,sector,High-Demand,Other Electricity Demand,Net Annual Energy Demand (TWh),2031,5.91
Figure 2: High-Demand Scenario Demand Forecast by Sector,sector,High-Demand,Other Electricity Demand,Net Annual Energy Demand (TWh),2032,5.97
Figure 2: High-Demand Scenario Demand Forecast by Sector,sector,High-Demand,Other Electricity Demand,Net Annual Energy Demand (TWh),2033,6.01
Figure 2: High-Demand Scenario Demand Forecast by Sector,sector,High-Demand,Other Electricity Demand,Net Annual Energy Demand (TWh),2034,6.05
Figure 2: High-Demand Scenario Demand Forecast by Sector,sector,High-Demand,Other Electricity Demand,Net Annual Energy Demand (TWh),2035,6.11
Figure 2: High-Demand Scenario Demand Forecast by Sector,sector,High-Demand,Other Electricity Demand,Net Annual Energy Demand (TWh),2036,6.19
Figure 2: High-Demand Scenario Demand Forecast by Sector,sector,High-Demand,Other Electricity Demand,Net Annual Energy Demand (TWh),2037,6.23
Figure 2: High-Demand Scenario Demand Forecast by Sector,sector,High-Demand,Other Electricity Demand,Net Annual Energy Demand (TWh),2038,6.3
Figure 2: High-Demand Scenario Demand Forecast by Sector,sector,High-Demand,Other Electricity Demand,Net Annual Energy Demand (TWh),2039,6.36
Figure 2: High-Demand Scenario Demand Forecast by Sector,sector,High-Demand,Other Electricity Demand,Net Annual Energy Demand (TWh),2040,6.44
Figure 2: High-Demand Scenario Demand Forecast by Sector,sector,High-Demand,Other Electricity Demand,Net Annual Energy Demand (TWh),2041,6.49
Figure 2: High-Demand Scenario Demand Forecast by Sector,sector,High-Demand,Other Electricity Demand,Net Annual Energy Demand (TWh),2042,6.55
Figure 2: High-Demand Scenario Demand Forecast by Sector,sector,High-Demand,Other Electricity Demand,Net Annual Energy Demand (TWh),2043,6.62
Figure 2: High-Demand Scenario Demand Forecast by Sector,sector,High-Demand,Other Electricity Demand,Net Annual Energy Demand (TWh),2044,6.7
Figure 2: High-Demand Scenario Demand Forecast by Sector,sector,High-Demand,Other Electricity Demand,Net Annual Energy Demand (TWh),2045,6.75
Figure 2: High-Demand Scenario Demand Forecast by Sector,sector,High-Demand,Other Electricity Demand,Net Annual Energy Demand (TWh),2046,6.83
Figure 2: High-Demand Scenario Demand Forecast by Sector,sector,High-Demand,Other Electricity Demand,Net Annual Energy Demand (TWh),2047,6.9
Figure 2: High-Demand Scenario Demand Forecast by Sector,sector,High-Demand,Other Electricity Demand,Net Annual Energy Demand (TWh),2048,7.0
Figure 2: High-Demand Scenario Demand Forecast by Sector,sector,High-Demand,Other Electricity Demand,Net Annual Energy Demand (TWh),2049,7.04
Figure 2: High-Demand Scenario Demand Forecast by Sector,sector,High-Demand,Other Electricity Demand,Net Annual Energy Demand (TWh),2050,7.11
Figure 3: Low-Demand Scenario Demand Forecast by Sector,sector,Low-Demand,Residential Sector,Net Annual Energy Demand (TWh),2027,48.6
Figure 3: Low-Demand Scenario Demand Forecast by Sector,sector,Low-Demand,Residential Sector,Net Annual Energy Demand (TWh),2028,48.57
Figure 3: Low-Demand Scenario Demand Forecast by Sector,sector,Low-Demand,Residential Sector,Net Annual Energy Demand (TWh),2029,47.71
Figure 3: Low-Demand Scenario Demand Forecast by Sector,sector,Low-Demand,Residential Sector,Net Annual Energy Demand (TWh),2030,47.66
Figure 3: Low-Demand Scenario Demand Forecast by Sector,sector,Low-Demand,Residential Sector,Net Annual Energy Demand (TWh),2031,47.88
Figure 3: Low-Demand Scenario Demand Forecast by Sector,sector,Low-Demand,Residential Sector,Net Annual Energy Demand (TWh),2032,48.33
Figure 3: Low-Demand Scenario Demand Forecast by Sector,sector,Low-Demand,Residential Sector,Net Annual Energy Demand (TWh),2033,48.83
Figure 3: Low-Demand Scenario Demand Forecast by Sector,sector,Low-Demand,Residential Sector,Net Annual Energy Demand (TWh),2034,49.32
Figure 3: Low-Demand Scenario Demand Forecast by Sector,sector,Low-Demand,Residential Sector,Net Annual Energy Demand (TWh),2035,49.73
Figure 3: Low-Demand Scenario Demand Forecast by Sector,sector,Low-Demand,Residential Sector,Net Annual Energy Demand (TWh),2036,50.14
Figure 3: Low-Demand Scenario Demand Forecast by Sector,sector,Low-Demand,Residential Sector,Net Annual Energy Demand (TWh),2037,50.38
Figure 3: Low-Demand Scenario Demand Forecast by Sector,sector,Low-Demand,Residential Sector,Net Annual Energy Demand (TWh),2038,50.38
Figure 3: Low-Demand Scenario Demand Forecast by Sector,sector,Low-Demand,Residential Sector,Net Annual Energy Demand (TWh),2039,50.58
Figure 3: Low-Demand Scenario Demand Forecast by Sector,sector,Low-Demand,Residential Sector,Net Annual Energy Demand (TWh),2040,51.01
Figure 3: Low-Demand Scenario Demand Forecast by Sector,sector,Low-Demand,Residential Sector,Net Annual Energy Demand (TWh),2041,50.93
Figure 3: Low-Demand Scenario Demand Forecast by Sector,sector,Low-Demand,Residential Sector,Net Annual Energy Demand (TWh),2042,50.99
Figure 3: Low-Demand Scenario Demand Forecast by Sector,sector,Low-Demand,Residential Sector,Net Annual Energy Demand (TWh),2043,51.1
Figure 3: Low-Demand Scenario Demand Forecast by Sector,sector,Low-Demand,Residential Sector,Net Annual Energy Demand (TWh),2044,51.39
Figure 3: Low-Demand Scenario Demand Forecast by Sector,sector,Low-Demand,Residential Sector,Net Annual Energy Demand (TWh),2045,51.43
Figure 3: Low-Demand Scenario Demand Forecast by Sector,sector,Low-Demand,Residential Sector,Net Annual Energy Demand (TWh),2046,51.65
Figure 3: Low-Demand Scenario Demand Forecast by Sector,sector,Low-Demand,Residential Sector,Net Annual Energy Demand (TWh),2047,51.56
Figure 3: Low-Demand Scenario Demand Forecast by Sector,sector,Low-Demand,Residential Sector,Net Annual Energy Demand (TWh),2048,51.9
Figure 3: Low-Demand Scenario Demand Forecast by Sector,sector,Low-Demand,Residential Sector,Net Annual Energy Demand (TWh),2049,51.9
Figure 3: Low-Demand Scenario Demand Forecast by Sector,sector,Low-Demand,Residential Sector,Net Annual Energy Demand (TWh),2050,52.08
Figure 3: Low-Demand Scenario Demand Forecast by Sector,sector,Low-Demand,Commercial Sector with Data Centres,Net Annual Energy Demand (TWh),2027,50.14
Figure 3: Low-Demand Scenario Demand Forecast by Sector,sector,Low-Demand,Commercial Sector with Data Centres,Net Annual Energy Demand (TWh),2028,51.13
Figure 3: Low-Demand Scenario Demand Forecast by Sector,sector,Low-Demand,Commercial Sector with Data Centres,Net Annual Energy Demand (TWh),2029,52.01
Figure 3: Low-Demand Scenario Demand Forecast by Sector,sector,Low-Demand,Commercial Sector with Data Centres,Net Annual Energy Demand (TWh),2030,52.9
Figure 3: Low-Demand Scenario Demand Forecast by Sector,sector,Low-Demand,Commercial Sector with Data Centres,Net Annual Energy Demand (TWh),2031,53.79
Figure 3: Low-Demand Scenario Demand Forecast by Sector,sector,Low-Demand,Commercial Sector with Data Centres,Net Annual Energy Demand (TWh),2032,54.56
Figure 3: Low-Demand Scenario Demand Forecast by Sector,sector,Low-Demand,Commercial Sector with Data Centres,Net Annual Energy Demand (TWh),2033,54.55
Figure 3: Low-Demand Scenario Demand Forecast by Sector,sector,Low-Demand,Commercial Sector with Data Centres,Net Annual Energy Demand (TWh),2034,54.58
Figure 3: Low-Demand Scenario Demand Forecast by Sector,sector,Low-Demand,Commercial Sector with Data Centres,Net Annual Energy Demand (TWh),2035,54.81
Figure 3: Low-Demand Scenario Demand Forecast by Sector,sector,Low-Demand,Commercial Sector with Data Centres,Net Annual Energy Demand (TWh),2036,54.99
Figure 3: Low-Demand Scenario Demand Forecast by Sector,sector,Low-Demand,Commercial Sector with Data Centres,Net Annual Energy Demand (TWh),2037,55.38
Figure 3: Low-Demand Scenario Demand Forecast by Sector,sector,Low-Demand,Commercial Sector with Data Centres,Net Annual Energy Demand (TWh),2038,56.26
Figure 3: Low-Demand Scenario Demand Forecast by Sector,sector,Low-Demand,Commercial Sector with Data Centres,Net Annual Energy Demand (TWh),2039,56.86
Figure 3: Low-Demand Scenario Demand Forecast by Sector,sector,Low-Demand,Commercial Sector with Data Centres,Net Annual Energy Demand (TWh),2040,57.95
Figure 3: Low-Demand Scenario Demand Forecast by Sector,sector,Low-Demand,Commercial Sector with Data Centres,Net Annual Energy Demand (TWh),2041,58.79
Figure 3: Low-Demand Scenario Demand Forecast by Sector,sector,Low-Demand,Commercial Sector with Data Centres,Net Annual Energy Demand (TWh),2042,59.4
Figure 3: Low-Demand Scenario Demand Forecast by Sector,sector,Low-Demand,Commercial Sector with Data Centres,Net Annual Energy Demand (TWh),2043,60.27
Figure 3: Low-Demand Scenario Demand Forecast by Sector,sector,Low-Demand,Commercial Sector with Data Centres,Net Annual Energy Demand (TWh),2044,61.27
Figure 3: Low-Demand Scenario Demand Forecast by Sector,sector,Low-Demand,Commercial Sector with Data Centres,Net Annual Energy Demand (TWh),2045,61.35
Figure 3: Low-Demand Scenario Demand Forecast by Sector,sector,Low-Demand,Commercial Sector with Data Centres,Net Annual Energy Demand (TWh),2046,61.48
Figure 3: Low-Demand Scenario Demand Forecast by Sector,sector,Low-Demand,Commercial Sector with Data Centres,Net Annual Energy Demand (TWh),2047,61.72
Figure 3: Low-Demand Scenario Demand Forecast by Sector,sector,Low-Demand,Commercial Sector with Data Centres,Net Annual Energy Demand (TWh),2048,62.17
Figure 3: Low-Demand Scenario Demand Forecast by Sector,sector,Low-Demand,Commercial Sector with Data Centres,Net Annual Energy Demand (TWh),2049,62.04
Figure 3: Low-Demand Scenario Demand Forecast by Sector,sector,Low-Demand,Commercial Sector with Data Centres,Net Annual Energy Demand (TWh),2050,62.2
Figure 3: Low-Demand Scenario Demand Forecast by Sector,sector,Low-Demand,Data Centres subsectors,Net Annual Energy Demand (TWh),2027,2.86
Figure 3: Low-Demand Scenario Demand Forecast by Sector,sector,Low-Demand,Data Centres subsectors,Net Annual Energy Demand (TWh),2028,3.72
Figure 3: Low-Demand Scenario Demand Forecast by Sector,sector,Low-Demand,Data Centres subsectors,Net Annual Energy Demand (TWh),2029,4.52
Figure 3: Low-Demand Scenario Demand Forecast by Sector,sector,Low-Demand,Data Centres subsectors,Net Annual Energy Demand (TWh),2030,5.0
Figure 3: Low-Demand Scenario Demand Forecast by Sector,sector,Low-Demand,Data Centres subsectors,Net Annual Energy Demand (TWh),2031,5.56
Figure 3: Low-Demand Scenario Demand Forecast by Sector,sector,Low-Demand,Data Centres subsectors,Net Annual Energy Demand (TWh),2032,6.46
Figure 3: Low-Demand Scenario Demand Forecast by Sector,sector,Low-Demand,Data Centres subsectors,Net Annual Energy Demand (TWh),2033,6.95
Figure 3: Low-Demand Scenario Demand Forecast by Sector,sector,Low-Demand,Data Centres subsectors,Net Annual Energy Demand (TWh),2034,7.29
Figure 3: Low-Demand Scenario Demand Forecast by Sector,sector,Low-Demand,Data Centres subsectors,Net Annual Energy Demand (TWh),2035,7.82
Figure 3: Low-Demand Scenario Demand Forecast by Sector,sector,Low-Demand,Data Centres subsectors,Net Annual Energy Demand (TWh),2036,7.96
Figure 3: Low-Demand Scenario Demand Forecast by Sector,sector,Low-Demand,Data Centres subsectors,Net Annual Energy Demand (TWh),2037,8.65
Figure 3: Low-Demand Scenario Demand Forecast by Sector,sector,Low-Demand,Data Centres subsectors,Net Annual Energy Demand (TWh),2038,9.48
Figure 3: Low-Demand Scenario Demand Forecast by Sector,sector,Low-Demand,Data Centres subsectors,Net Annual Energy Demand (TWh),2039,10.3
Figure 3: Low-Demand Scenario Demand Forecast by Sector,sector,Low-Demand,Data Centres subsectors,Net Annual Energy Demand (TWh),2040,11.14
Figure 3: Low-Demand Scenario Demand Forecast by Sector,sector,Low-Demand,Data Centres subsectors,Net Annual Energy Demand (TWh),2041,11.95
Figure 3: Low-Demand Scenario Demand Forecast by Sector,sector,Low-Demand,Data Centres subsectors,Net Annual Energy Demand (TWh),2042,12.65
Figure 3: Low-Demand Scenario Demand Forecast by Sector,sector,Low-Demand,Data Centres subsectors,Net Annual Energy Demand (TWh),2043,13.36
Figure 3: Low-Demand Scenario Demand Forecast by Sector,sector,Low-Demand,Data Centres subsectors,Net Annual Energy Demand (TWh),2044,14.1
Figure 3: Low-Demand Scenario Demand Forecast by Sector,sector,Low-Demand,Data Centres subsectors,Net Annual Energy Demand (TWh),2045,14.07
Figure 3: Low-Demand Scenario Demand Forecast by Sector,sector,Low-Demand,Data Centres subsectors,Net Annual Energy Demand (TWh),2046,14.07
Figure 3: Low-Demand Scenario Demand Forecast by Sector,sector,Low-Demand,Data Centres subsectors,Net Annual Energy Demand (TWh),2047,14.07
Figure 3: Low-Demand Scenario Demand Forecast by Sector,sector,Low-Demand,Data Centres subsectors,Net Annual Energy Demand (TWh),2048,14.12
Figure 3: Low-Demand Scenario Demand Forecast by Sector,sector,Low-Demand,Data Centres subsectors,Net Annual Energy Demand (TWh),2049,14.09
Figure 3: Low-Demand Scenario Demand Forecast by Sector,sector,Low-Demand,Data Centres subsectors,Net Annual Energy Demand (TWh),2050,14.12
Figure 3: Low-Demand Scenario Demand Forecast by Sector,sector,Low-Demand,Industrial Sector,Net Annual Energy Demand (TWh),2027,41.56
Figure 3: Low-Demand Scenario Demand Forecast by Sector,sector,Low-Demand,Industrial Sector,Net Annual Energy Demand (TWh),2028,43.22
Figure 3: Low-Demand Scenario Demand Forecast by Sector,sector,Low-Demand,Industrial Sector,Net Annual Energy Demand (TWh),2029,44.47
Figure 3: Low-Demand Scenario Demand Forecast by Sector,sector,Low-Demand,Industrial Sector,Net Annual Energy Demand (TWh),2030,44.92
Figure 3: Low-Demand Scenario Demand Forecast by Sector,sector,Low-Demand,Industrial Sector,Net Annual Energy Demand (TWh),2031,46.69
Figure 3: Low-Demand Scenario Demand Forecast by Sector,sector,Low-Demand,Industrial Sector,Net Annual Energy Demand (TWh),2032,50.72
Figure 3: Low-Demand Scenario Demand Forecast by Sector,sector,Low-Demand,Industrial Sector,Net Annual Energy Demand (TWh),2033,50.59
Figure 3: Low-Demand Scenario Demand Forecast by Sector,sector,Low-Demand,Industrial Sector,Net Annual Energy Demand (TWh),2034,51.05
Figure 3: Low-Demand Scenario Demand Forecast by Sector,sector,Low-Demand,Industrial Sector,Net Annual Energy Demand (TWh),2035,51.73
Figure 3: Low-Demand Scenario Demand Forecast by Sector,sector,Low-Demand,Industrial Sector,Net Annual Energy Demand (TWh),2036,52.08
Figure 3: Low-Demand Scenario Demand Forecast by Sector,sector,Low-Demand,Industrial Sector,Net Annual Energy Demand (TWh),2037,51.94
Figure 3: Low-Demand Scenario Demand Forecast by Sector,sector,Low-Demand,Industrial Sector,Net Annual Energy Demand (TWh),2038,51.75
Figure 3: Low-Demand Scenario Demand Forecast by Sector,sector,Low-Demand,Industrial Sector,Net Annual Energy Demand (TWh),2039,51.67
Figure 3: Low-Demand Scenario Demand Forecast by Sector,sector,Low-Demand,Industrial Sector,Net Annual Energy Demand (TWh),2040,51.98
Figure 3: Low-Demand Scenario Demand Forecast by Sector,sector,Low-Demand,Industrial Sector,Net Annual Energy Demand (TWh),2041,52.47
Figure 3: Low-Demand Scenario Demand Forecast by Sector,sector,Low-Demand,Industrial Sector,Net Annual Energy Demand (TWh),2042,53.22
Figure 3: Low-Demand Scenario Demand Forecast by Sector,sector,Low-Demand,Industrial Sector,Net Annual Energy Demand (TWh),2043,53.38
Figure 3: Low-Demand Scenario Demand Forecast by Sector,sector,Low-Demand,Industrial Sector,Net Annual Energy Demand (TWh),2044,53.93
Figure 3: Low-Demand Scenario Demand Forecast by Sector,sector,Low-Demand,Industrial Sector,Net Annual Energy Demand (TWh),2045,54.13
Figure 3: Low-Demand Scenario Demand Forecast by Sector,sector,Low-Demand,Industrial Sector,Net Annual Energy Demand (TWh),2046,54.58
Figure 3: Low-Demand Scenario Demand Forecast by Sector,sector,Low-Demand,Industrial Sector,Net Annual Energy Demand (TWh),2047,54.92
Figure 3: Low-Demand Scenario Demand Forecast by Sector,sector,Low-Demand,Industrial Sector,Net Annual Energy Demand (TWh),2048,55.5
Figure 3: Low-Demand Scenario Demand Forecast by Sector,sector,Low-Demand,Industrial Sector,Net Annual Energy Demand (TWh),2049,55.92
Figure 3: Low-Demand Scenario Demand Forecast by Sector,sector,Low-Demand,Industrial Sector,Net Annual Energy Demand (TWh),2050,56.28
Figure 3: Low-Demand Scenario Demand Forecast by Sector,sector,Low-Demand,Agricultural Sector,Net Annual Energy Demand (TWh),2027,3.33
Figure 3: Low-Demand Scenario Demand Forecast by Sector,sector,Low-Demand,Agricultural Sector,Net Annual Energy Demand (TWh),2028,3.55
Figure 3: Low-Demand Scenario Demand Forecast by Sector,sector,Low-Demand,Agricultural Sector,Net Annual Energy Demand (TWh),2029,4.0
Figure 3: Low-Demand Scenario Demand Forecast by Sector,sector,Low-Demand,Agricultural Sector,Net Annual Energy Demand (TWh),2030,4.54
Figure 3: Low-Demand Scenario Demand Forecast by Sector,sector,Low-Demand,Agricultural Sector,Net Annual Energy Demand (TWh),2031,4.61
Figure 3: Low-Demand Scenario Demand Forecast by Sector,sector,Low-Demand,Agricultural Sector,Net Annual Energy Demand (TWh),2032,4.8
Figure 3: Low-Demand Scenario Demand Forecast by Sector,sector,Low-Demand,Agricultural Sector,Net Annual Energy Demand (TWh),2033,4.96
Figure 3: Low-Demand Scenario Demand Forecast by Sector,sector,Low-Demand,Agricultural Sector,Net Annual Energy Demand (TWh),2034,4.97
Figure 3: Low-Demand Scenario Demand Forecast by Sector,sector,Low-Demand,Agricultural Sector,Net Annual Energy Demand (TWh),2035,5.01
Figure 3: Low-Demand Scenario Demand Forecast by Sector,sector,Low-Demand,Agricultural Sector,Net Annual Energy Demand (TWh),2036,5.04
Figure 3: Low-Demand Scenario Demand Forecast by Sector,sector,Low-Demand,Agricultural Sector,Net Annual Energy Demand (TWh),2037,5.04
Figure 3: Low-Demand Scenario Demand Forecast by Sector,sector,Low-Demand,Agricultural Sector,Net Annual Energy Demand (TWh),2038,5.05
Figure 3: Low-Demand Scenario Demand Forecast by Sector,sector,Low-Demand,Agricultural Sector,Net Annual Energy Demand (TWh),2039,5.06
Figure 3: Low-Demand Scenario Demand Forecast by Sector,sector,Low-Demand,Agricultural Sector,Net Annual Energy Demand (TWh),2040,5.12
Figure 3: Low-Demand Scenario Demand Forecast by Sector,sector,Low-Demand,Agricultural Sector,Net Annual Energy Demand (TWh),2041,5.12
Figure 3: Low-Demand Scenario Demand Forecast by Sector,sector,Low-Demand,Agricultural Sector,Net Annual Energy Demand (TWh),2042,5.15
Figure 3: Low-Demand Scenario Demand Forecast by Sector,sector,Low-Demand,Agricultural Sector,Net Annual Energy Demand (TWh),2043,5.17
Figure 3: Low-Demand Scenario Demand Forecast by Sector,sector,Low-Demand,Agricultural Sector,Net Annual Energy Demand (TWh),2044,5.19
Figure 3: Low-Demand Scenario Demand Forecast by Sector,sector,Low-Demand,Agricultural Sector,Net Annual Energy Demand (TWh),2045,5.19
Figure 3: Low-Demand Scenario Demand Forecast by Sector,sector,Low-Demand,Agricultural Sector,Net Annual Energy Demand (TWh),2046,5.2
Figure 3: Low-Demand Scenario Demand Forecast by Sector,sector,Low-Demand,Agricultural Sector,Net Annual Energy Demand (TWh),2047,5.22
Figure 3: Low-Demand Scenario Demand Forecast by Sector,sector,Low-Demand,Agricultural Sector,Net Annual Energy Demand (TWh),2048,5.25
Figure 3: Low-Demand Scenario Demand Forecast by Sector,sector,Low-Demand,Agricultural Sector,Net Annual Energy Demand (TWh),2049,5.25
Figure 3: Low-Demand Scenario Demand Forecast by Sector,sector,Low-Demand,Agricultural Sector,Net Annual Energy Demand (TWh),2050,5.27
Figure 3: Low-Demand Scenario Demand Forecast by Sector,sector,Low-Demand,Transportation Sector,Net Annual Energy Demand (TWh),2027,2.69
Figure 3: Low-Demand Scenario Demand Forecast by Sector,sector,Low-Demand,Transportation Sector,Net Annual Energy Demand (TWh),2028,3.18
Figure 3: Low-Demand Scenario Demand Forecast by Sector,sector,Low-Demand,Transportation Sector,Net Annual Energy Demand (TWh),2029,3.81
Figure 3: Low-Demand Scenario Demand Forecast by Sector,sector,Low-Demand,Transportation Sector,Net Annual Energy Demand (TWh),2030,4.81
Figure 3: Low-Demand Scenario Demand Forecast by Sector,sector,Low-Demand,Transportation Sector,Net Annual Energy Demand (TWh),2031,5.57
Figure 3: Low-Demand Scenario Demand Forecast by Sector,sector,Low-Demand,Transportation Sector,Net Annual Energy Demand (TWh),2032,7.67
Figure 3: Low-Demand Scenario Demand Forecast by Sector,sector,Low-Demand,Transportation Sector,Net Annual Energy Demand (TWh),2033,8.5
Figure 3: Low-Demand Scenario Demand Forecast by Sector,sector,Low-Demand,Transportation Sector,Net Annual Energy Demand (TWh),2034,9.39
Figure 3: Low-Demand Scenario Demand Forecast by Sector,sector,Low-Demand,Transportation Sector,Net Annual Energy Demand (TWh),2035,10.31
Figure 3: Low-Demand Scenario Demand Forecast by Sector,sector,Low-Demand,Transportation Sector,Net Annual Energy Demand (TWh),2036,11.27
Figure 3: Low-Demand Scenario Demand Forecast by Sector,sector,Low-Demand,Transportation Sector,Net Annual Energy Demand (TWh),2037,12.14
Figure 3: Low-Demand Scenario Demand Forecast by Sector,sector,Low-Demand,Transportation Sector,Net Annual Energy Demand (TWh),2038,13.03
Figure 3: Low-Demand Scenario Demand Forecast by Sector,sector,Low-Demand,Transportation Sector,Net Annual Energy Demand (TWh),2039,13.92
Figure 3: Low-Demand Scenario Demand Forecast by Sector,sector,Low-Demand,Transportation Sector,Net Annual Energy Demand (TWh),2040,14.83
Figure 3: Low-Demand Scenario Demand Forecast by Sector,sector,Low-Demand,Transportation Sector,Net Annual Energy Demand (TWh),2041,15.7
Figure 3: Low-Demand Scenario Demand Forecast by Sector,sector,Low-Demand,Transportation Sector,Net Annual Energy Demand (TWh),2042,16.62
Figure 3: Low-Demand Scenario Demand Forecast by Sector,sector,Low-Demand,Transportation Sector,Net Annual Energy Demand (TWh),2043,17.55
Figure 3: Low-Demand Scenario Demand Forecast by Sector,sector,Low-Demand,Transportation Sector,Net Annual Energy Demand (TWh),2044,18.54
Figure 3: Low-Demand Scenario Demand Forecast by Sector,sector,Low-Demand,Transportation Sector,Net Annual Energy Demand (TWh),2045,19.44
Figure 3: Low-Demand Scenario Demand Forecast by Sector,sector,Low-Demand,Transportation Sector,Net Annual Energy Demand (TWh),2046,20.44
Figure 3: Low-Demand Scenario Demand Forecast by Sector,sector,Low-Demand,Transportation Sector,Net Annual Energy Demand (TWh),2047,21.41
Figure 3: Low-Demand Scenario Demand Forecast by Sector,sector,Low-Demand,Transportation Sector,Net Annual Energy Demand (TWh),2048,22.55
Figure 3: Low-Demand Scenario Demand Forecast by Sector,sector,Low-Demand,Transportation Sector,Net Annual Energy Demand (TWh),2049,23.54
Figure 3: Low-Demand Scenario Demand Forecast by Sector,sector,Low-Demand,Transportation Sector,Net Annual Energy Demand (TWh),2050,24.63
Figure 3: Low-Demand Scenario Demand Forecast by Sector,sector,Low-Demand,Other Electricity Demand,Net Annual Energy Demand (TWh),2027,5.52
Figure 3: Low-Demand Scenario Demand Forecast by Sector,sector,Low-Demand,Other Electricity Demand,Net Annual Energy Demand (TWh),2028,5.56
Figure 3: Low-Demand Scenario Demand Forecast by Sector,sector,Low-Demand,Other Electricity Demand,Net Annual Energy Demand (TWh),2029,5.56
Figure 3: Low-Demand Scenario Demand Forecast by Sector,sector,Low-Demand,Other Electricity Demand,Net Annual Energy Demand (TWh),2030,5.58
Figure 3: Low-Demand Scenario Demand Forecast by Sector,sector,Low-Demand,Other Electricity Demand,Net Annual Energy Demand (TWh),2031,5.61
Figure 3: Low-Demand Scenario Demand Forecast by Sector,sector,Low-Demand,Other Electricity Demand,Net Annual Energy Demand (TWh),2032,5.64
Figure 3: Low-Demand Scenario Demand Forecast by Sector,sector,Low-Demand,Other Electricity Demand,Net Annual Energy Demand (TWh),2033,5.63
Figure 3: Low-Demand Scenario Demand Forecast by Sector,sector,Low-Demand,Other Electricity Demand,Net Annual Energy Demand (TWh),2034,5.65
Figure 3: Low-Demand Scenario Demand Forecast by Sector,sector,Low-Demand,Other Electricity Demand,Net Annual Energy Demand (TWh),2035,5.67
Figure 3: Low-Demand Scenario Demand Forecast by Sector,sector,Low-Demand,Other Electricity Demand,Net Annual Energy Demand (TWh),2036,5.72
Figure 3: Low-Demand Scenario Demand Forecast by Sector,sector,Low-Demand,Other Electricity Demand,Net Annual Energy Demand (TWh),2037,5.73
Figure 3: Low-Demand Scenario Demand Forecast by Sector,sector,Low-Demand,Other Electricity Demand,Net Annual Energy Demand (TWh),2038,5.75
Figure 3: Low-Demand Scenario Demand Forecast by Sector,sector,Low-Demand,Other Electricity Demand,Net Annual Energy Demand (TWh),2039,5.78
Figure 3: Low-Demand Scenario Demand Forecast by Sector,sector,Low-Demand,Other Electricity Demand,Net Annual Energy Demand (TWh),2040,5.82
Figure 3: Low-Demand Scenario Demand Forecast by Sector,sector,Low-Demand,Other Electricity Demand,Net Annual Energy Demand (TWh),2041,5.82
Figure 3: Low-Demand Scenario Demand Forecast by Sector,sector,Low-Demand,Other Electricity Demand,Net Annual Energy Demand (TWh),2042,5.85
Figure 3: Low-Demand Scenario Demand Forecast by Sector,sector,Low-Demand,Other Electricity Demand,Net Annual Energy Demand (TWh),2043,5.87
Figure 3: Low-Demand Scenario Demand Forecast by Sector,sector,Low-Demand,Other Electricity Demand,Net Annual Energy Demand (TWh),2044,5.91
Figure 3: Low-Demand Scenario Demand Forecast by Sector,sector,Low-Demand,Other Electricity Demand,Net Annual Energy Demand (TWh),2045,5.92
Figure 3: Low-Demand Scenario Demand Forecast by Sector,sector,Low-Demand,Other Electricity Demand,Net Annual Energy Demand (TWh),2046,5.94
Figure 3: Low-Demand Scenario Demand Forecast by Sector,sector,Low-Demand,Other Electricity Demand,Net Annual Energy Demand (TWh),2047,5.97
Figure 3: Low-Demand Scenario Demand Forecast by Sector,sector,Low-Demand,Other Electricity Demand,Net Annual Energy Demand (TWh),2048,6.01
Figure 3: Low-Demand Scenario Demand Forecast by Sector,sector,Low-Demand,Other Electricity Demand,Net Annual Energy Demand (TWh),2049,6.02
Figure 3: Low-Demand Scenario Demand Forecast by Sector,sector,Low-Demand,Other Electricity Demand,Net Annual Energy Demand (TWh),2050,6.05
Figure 4: Reference Scenario Demand Forecast by Component,component,Reference,Reference Year Demand,Net Annual Energy Demand (TWh),2026,152.46
Figure 4: Reference Scenario Demand Forecast by Component,component,Reference,Reference Year Demand,Net Annual Energy Demand (TWh),2027,152.46
Figure 4: Reference Scenario Demand Forecast by Component,component,Reference,Reference Year Demand,Net Annual Energy Demand (TWh),2028,152.46
Figure 4: Reference Scenario Demand Forecast by Component,component,Reference,Reference Year Demand,Net Annual Energy Demand (TWh),2029,152.46
Figure 4: Reference Scenario Demand Forecast by Component,component,Reference,Reference Year Demand,Net Annual Energy Demand (TWh),2030,152.46
Figure 4: Reference Scenario Demand Forecast by Component,component,Reference,Reference Year Demand,Net Annual Energy Demand (TWh),2031,152.46
Figure 4: Reference Scenario Demand Forecast by Component,component,Reference,Reference Year Demand,Net Annual Energy Demand (TWh),2032,152.46
Figure 4: Reference Scenario Demand Forecast by Component,component,Reference,Reference Year Demand,Net Annual Energy Demand (TWh),2033,152.46
Figure 4: Reference Scenario Demand Forecast by Component,component,Reference,Reference Year Demand,Net Annual Energy Demand (TWh),2034,152.46
Figure 4: Reference Scenario Demand Forecast by Component,component,Reference,Reference Year Demand,Net Annual Energy Demand (TWh),2035,152.46
Figure 4: Reference Scenario Demand Forecast by Component,component,Reference,Reference Year Demand,Net Annual Energy Demand (TWh),2036,152.46
Figure 4: Reference Scenario Demand Forecast by Component,component,Reference,Reference Year Demand,Net Annual Energy Demand (TWh),2037,152.46
Figure 4: Reference Scenario Demand Forecast by Component,component,Reference,Reference Year Demand,Net Annual Energy Demand (TWh),2038,152.46
Figure 4: Reference Scenario Demand Forecast by Component,component,Reference,Reference Year Demand,Net Annual Energy Demand (TWh),2039,152.46
Figure 4: Reference Scenario Demand Forecast by Component,component,Reference,Reference Year Demand,Net Annual Energy Demand (TWh),2040,152.46
Figure 4: Reference Scenario Demand Forecast by Component,component,Reference,Reference Year Demand,Net Annual Energy Demand (TWh),2041,152.46
Figure 4: Reference Scenario Demand Forecast by Component,component,Reference,Reference Year Demand,Net Annual Energy Demand (TWh),2042,152.46
Figure 4: Reference Scenario Demand Forecast by Component,component,Reference,Reference Year Demand,Net Annual Energy Demand (TWh),2043,152.46
Figure 4: Reference Scenario Demand Forecast by Component,component,Reference,Reference Year Demand,Net Annual Energy Demand (TWh),2044,152.46
Figure 4: Reference Scenario Demand Forecast by Component,component,Reference,Reference Year Demand,Net Annual Energy Demand (TWh),2045,152.46
Figure 4: Reference Scenario Demand Forecast by Component,component,Reference,Reference Year Demand,Net Annual Energy Demand (TWh),2046,152.46
Figure 4: Reference Scenario Demand Forecast by Component,component,Reference,Reference Year Demand,Net Annual Energy Demand (TWh),2047,152.46
Figure 4: Reference Scenario Demand Forecast by Component,component,Reference,Reference Year Demand,Net Annual Energy Demand (TWh),2048,152.46
Figure 4: Reference Scenario Demand Forecast by Component,component,Reference,Reference Year Demand,Net Annual Energy Demand (TWh),2049,152.46
Figure 4: Reference Scenario Demand Forecast by Component,component,Reference,Reference Year Demand,Net Annual Energy Demand (TWh),2050,152.46
Figure 4: Reference Scenario Demand Forecast by Component,component,Reference,Baseline Growth,Net Annual Energy Demand (TWh),2026,0.0
Figure 4: Reference Scenario Demand Forecast by Component,component,Reference,Baseline Growth,Net Annual Energy Demand (TWh),2027,1.96
Figure 4: Reference Scenario Demand Forecast by Component,component,Reference,Baseline Growth,Net Annual Energy Demand (TWh),2028,4.28
Figure 4: Reference Scenario Demand Forecast by Component,component,Reference,Baseline Growth,Net Annual Energy Demand (TWh),2029,4.98
Figure 4: Reference Scenario Demand Forecast by Component,component,Reference,Baseline Growth,Net Annual Energy Demand (TWh),2030,7.87
Figure 4: Reference Scenario Demand Forecast by Component,component,Reference,Baseline Growth,Net Annual Energy Demand (TWh),2031,7.69
Figure 4: Reference Scenario Demand Forecast by Component,component,Reference,Baseline Growth,Net Annual Energy Demand (TWh),2032,9.03
Figure 4: Reference Scenario Demand Forecast by Component,component,Reference,Baseline Growth,Net Annual Energy Demand (TWh),2033,9.37
Figure 4: Reference Scenario Demand Forecast by Component,component,Reference,Baseline Growth,Net Annual Energy Demand (TWh),2034,10.19
Figure 4: Reference Scenario Demand Forecast by Component,component,Reference,Baseline Growth,Net Annual Energy Demand (TWh),2035,11.04
Figure 4: Reference Scenario Demand Forecast by Component,component,Reference,Baseline Growth,Net Annual Energy Demand (TWh),2036,12.09
Figure 4: Reference Scenario Demand Forecast by Component,component,Reference,Baseline Growth,Net Annual Energy Demand (TWh),2037,13.39
Figure 4: Reference Scenario Demand Forecast by Component,component,Reference,Baseline Growth,Net Annual Energy Demand (TWh),2038,14.89
Figure 4: Reference Scenario Demand Forecast by Component,component,Reference,Baseline Growth,Net Annual Energy Demand (TWh),2039,16.6
Figure 4: Reference Scenario Demand Forecast by Component,component,Reference,Baseline Growth,Net Annual Energy Demand (TWh),2040,17.9
Figure 4: Reference Scenario Demand Forecast by Component,component,Reference,Baseline Growth,Net Annual Energy Demand (TWh),2041,18.92
Figure 4: Reference Scenario Demand Forecast by Component,component,Reference,Baseline Growth,Net Annual Energy Demand (TWh),2042,19.86
Figure 4: Reference Scenario Demand Forecast by Component,component,Reference,Baseline Growth,Net Annual Energy Demand (TWh),2043,20.62
Figure 4: Reference Scenario Demand Forecast by Component,component,Reference,Baseline Growth,Net Annual Energy Demand (TWh),2044,22.26
Figure 4: Reference Scenario Demand Forecast by Component,component,Reference,Baseline Growth,Net Annual Energy Demand (TWh),2045,23.91
Figure 4: Reference Scenario Demand Forecast by Component,component,Reference,Baseline Growth,Net Annual Energy Demand (TWh),2046,25.19
Figure 4: Reference Scenario Demand Forecast by Component,component,Reference,Baseline Growth,Net Annual Energy Demand (TWh),2047,26.62
Figure 4: Reference Scenario Demand Forecast by Component,component,Reference,Baseline Growth,Net Annual Energy Demand (TWh),2048,28.69
Figure 4: Reference Scenario Demand Forecast by Component,component,Reference,Baseline Growth,Net Annual Energy Demand (TWh),2049,28.87
Figure 4: Reference Scenario Demand Forecast by Component,component,Reference,Baseline Growth,Net Annual Energy Demand (TWh),2050,30.82
Figure 4: Reference Scenario Demand Forecast by Component,component,Reference,Growth Margin,Net Annual Energy Demand (TWh),2026,0.0
Figure 4: Reference Scenario Demand Forecast by Component,component,Reference,Growth Margin,Net Annual Energy Demand (TWh),2027,1.88
Figure 4: Reference Scenario Demand Forecast by Component,component,Reference,Growth Margin,Net Annual Energy Demand (TWh),2028,4.91
Figure 4: Reference Scenario Demand Forecast by Component,component,Reference,Growth Margin,Net Annual Energy Demand (TWh),2029,7.87
Figure 4: Reference Scenario Demand Forecast by Component,component,Reference,Growth Margin,Net Annual Energy Demand (TWh),2030,11.29
Figure 4: Reference Scenario Demand Forecast by Component,component,Reference,Growth Margin,Net Annual Energy Demand (TWh),2031,17.19
Figure 4: Reference Scenario Demand Forecast by Component,component,Reference,Growth Margin,Net Annual Energy Demand (TWh),2032,22.12
Figure 4: Reference Scenario Demand Forecast by Component,component,Reference,Growth Margin,Net Annual Energy Demand (TWh),2033,24.9
Figure 4: Reference Scenario Demand Forecast by Component,component,Reference,Growth Margin,Net Annual Energy Demand (TWh),2034,26.76
Figure 4: Reference Scenario Demand Forecast by Component,component,Reference,Growth Margin,Net Annual Energy Demand (TWh),2035,31.57
Figure 4: Reference Scenario Demand Forecast by Component,component,Reference,Growth Margin,Net Annual Energy Demand (TWh),2036,36.49
Figure 4: Reference Scenario Demand Forecast by Component,component,Reference,Growth Margin,Net Annual Energy Demand (TWh),2037,39.9
Figure 4: Reference Scenario Demand Forecast by Component,component,Reference,Growth Margin,Net Annual Energy Demand (TWh),2038,43.97
Figure 4: Reference Scenario Demand Forecast by Component,component,Reference,Growth Margin,Net Annual Energy Demand (TWh),2039,45.64
Figure 4: Reference Scenario Demand Forecast by Component,component,Reference,Growth Margin,Net Annual Energy Demand (TWh),2040,48.99
Figure 4: Reference Scenario Demand Forecast by Component,component,Reference,Growth Margin,Net Annual Energy Demand (TWh),2041,51.24
Figure 4: Reference Scenario Demand Forecast by Component,component,Reference,Growth Margin,Net Annual Energy Demand (TWh),2042,53.53
Figure 4: Reference Scenario Demand Forecast by Component,component,Reference,Growth Margin,Net Annual Energy Demand (TWh),2043,55.4
Figure 4: Reference Scenario Demand Forecast by Component,component,Reference,Growth Margin,Net Annual Energy Demand (TWh),2044,57.97
Figure 4: Reference Scenario Demand Forecast by Component,component,Reference,Growth Margin,Net Annual Energy Demand (TWh),2045,58.81
Figure 4: Reference Scenario Demand Forecast by Component,component,Reference,Growth Margin,Net Annual Energy Demand (TWh),2046,60.81
Figure 4: Reference Scenario Demand Forecast by Component,component,Reference,Growth Margin,Net Annual Energy Demand (TWh),2047,62.32
Figure 4: Reference Scenario Demand Forecast by Component,component,Reference,Growth Margin,Net Annual Energy Demand (TWh),2048,64.06
Figure 4: Reference Scenario Demand Forecast by Component,component,Reference,Growth Margin,Net Annual Energy Demand (TWh),2049,66.12
Figure 4: Reference Scenario Demand Forecast by Component,component,Reference,Growth Margin,Net Annual Energy Demand (TWh),2050,66.91
Figure 5: High Demand Scenario Demand Forecast by Component,component,High-Demand,Reference Year Demand,Net Annual Energy Demand (TWh),2026,154.43
Figure 5: High Demand Scenario Demand Forecast by Component,component,High-Demand,Reference Year Demand,Net Annual Energy Demand (TWh),2027,154.43
Figure 5: High Demand Scenario Demand Forecast by Component,component,High-Demand,Reference Year Demand,Net Annual Energy Demand (TWh),2028,154.43
Figure 5: High Demand Scenario Demand Forecast by Component,component,High-Demand,Reference Year Demand,Net Annual Energy Demand (TWh),2029,154.43
Figure 5: High Demand Scenario Demand Forecast by Component,component,High-Demand,Reference Year Demand,Net Annual Energy Demand (TWh),2030,154.43
Figure 5: High Demand Scenario Demand Forecast by Component,component,High-Demand,Reference Year Demand,Net Annual Energy Demand (TWh),2031,154.43
Figure 5: High Demand Scenario Demand Forecast by Component,component,High-Demand,Reference Year Demand,Net Annual Energy Demand (TWh),2032,154.43
Figure 5: High Demand Scenario Demand Forecast by Component,component,High-Demand,Reference Year Demand,Net Annual Energy Demand (TWh),2033,154.43
Figure 5: High Demand Scenario Demand Forecast by Component,component,High-Demand,Reference Year Demand,Net Annual Energy Demand (TWh),2034,154.43
Figure 5: High Demand Scenario Demand Forecast by Component,component,High-Demand,Reference Year Demand,Net Annual Energy Demand (TWh),2035,154.43
Figure 5: High Demand Scenario Demand Forecast by Component,component,High-Demand,Reference Year Demand,Net Annual Energy Demand (TWh),2036,154.43
Figure 5: High Demand Scenario Demand Forecast by Component,component,High-Demand,Reference Year Demand,Net Annual Energy Demand (TWh),2037,154.43
Figure 5: High Demand Scenario Demand Forecast by Component,component,High-Demand,Reference Year Demand,Net Annual Energy Demand (TWh),2038,154.43
Figure 5: High Demand Scenario Demand Forecast by Component,component,High-Demand,Reference Year Demand,Net Annual Energy Demand (TWh),2039,154.43
Figure 5: High Demand Scenario Demand Forecast by Component,component,High-Demand,Reference Year Demand,Net Annual Energy Demand (TWh),2040,154.43
Figure 5: High Demand Scenario Demand Forecast by Component,component,High-Demand,Reference Year Demand,Net Annual Energy Demand (TWh),2041,154.43
Figure 5: High Demand Scenario Demand Forecast by Component,component,High-Demand,Reference Year Demand,Net Annual Energy Demand (TWh),2042,154.43
Figure 5: High Demand Scenario Demand Forecast by Component,component,High-Demand,Reference Year Demand,Net Annual Energy Demand (TWh),2043,154.43
Figure 5: High Demand Scenario Demand Forecast by Component,component,High-Demand,Reference Year Demand,Net Annual Energy Demand (TWh),2044,154.43
Figure 5: High Demand Scenario Demand Forecast by Component,component,High-Demand,Reference Year Demand,Net Annual Energy Demand (TWh),2045,154.43
Figure 5: High Demand Scenario Demand Forecast by Component,component,High-Demand,Reference Year Demand,Net Annual Energy Demand (TWh),2046,154.43
Figure 5: High Demand Scenario Demand Forecast by Component,component,High-Demand,Reference Year Demand,Net Annual Energy Demand (TWh),2047,154.43
Figure 5: High Demand Scenario Demand Forecast by Component,component,High-Demand,Reference Year Demand,Net Annual Energy Demand (TWh),2048,154.43
Figure 5: High Demand Scenario Demand Forecast by Component,component,High-Demand,Reference Year Demand,Net Annual Energy Demand (TWh),2049,154.43
Figure 5: High Demand Scenario Demand Forecast by Component,component,High-Demand,Reference Year Demand,Net Annual Energy Demand (TWh),2050,154.43
Figure 5: High Demand Scenario Demand Forecast by Component,component,High-Demand,Baseline Growth,Net Annual Energy Demand (TWh),2026,0.0
Figure 5: High Demand Scenario Demand Forecast by Component,component,High-Demand,Baseline Growth,Net Annual Energy Demand (TWh),2027,3.16
Figure 5: High Demand Scenario Demand Forecast by Component,component,High-Demand,Baseline Growth,Net Annual Energy Demand (TWh),2028,6.12
Figure 5: High Demand Scenario Demand Forecast by Component,component,High-Demand,Baseline Growth,Net Annual Energy Demand (TWh),2029,8.15
Figure 5: High Demand Scenario Demand Forecast by Component,component,High-Demand,Baseline Growth,Net Annual Energy Demand (TWh),2030,10.29
Figure 5: High Demand Scenario Demand Forecast by Component,component,High-Demand,Baseline Growth,Net Annual Energy Demand (TWh),2031,10.84
Figure 5: High Demand Scenario Demand Forecast by Component,component,High-Demand,Baseline Growth,Net Annual Energy Demand (TWh),2032,11.8
Figure 5: High Demand Scenario Demand Forecast by Component,component,High-Demand,Baseline Growth,Net Annual Energy Demand (TWh),2033,12.2
Figure 5: High Demand Scenario Demand Forecast by Component,component,High-Demand,Baseline Growth,Net Annual Energy Demand (TWh),2034,13.48
Figure 5: High Demand Scenario Demand Forecast by Component,component,High-Demand,Baseline Growth,Net Annual Energy Demand (TWh),2035,15.57
Figure 5: High Demand Scenario Demand Forecast by Component,component,High-Demand,Baseline Growth,Net Annual Energy Demand (TWh),2036,17.37
Figure 5: High Demand Scenario Demand Forecast by Component,component,High-Demand,Baseline Growth,Net Annual Energy Demand (TWh),2037,19.49
Figure 5: High Demand Scenario Demand Forecast by Component,component,High-Demand,Baseline Growth,Net Annual Energy Demand (TWh),2038,21.14
Figure 5: High Demand Scenario Demand Forecast by Component,component,High-Demand,Baseline Growth,Net Annual Energy Demand (TWh),2039,23.18
Figure 5: High Demand Scenario Demand Forecast by Component,component,High-Demand,Baseline Growth,Net Annual Energy Demand (TWh),2040,25.21
Figure 5: High Demand Scenario Demand Forecast by Component,component,High-Demand,Baseline Growth,Net Annual Energy Demand (TWh),2041,26.56
Figure 5: High Demand Scenario Demand Forecast by Component,component,High-Demand,Baseline Growth,Net Annual Energy Demand (TWh),2042,28.23
Figure 5: High Demand Scenario Demand Forecast by Component,component,High-Demand,Baseline Growth,Net Annual Energy Demand (TWh),2043,30.21
Figure 5: High Demand Scenario Demand Forecast by Component,component,High-Demand,Baseline Growth,Net Annual Energy Demand (TWh),2044,32.25
Figure 5: High Demand Scenario Demand Forecast by Component,component,High-Demand,Baseline Growth,Net Annual Energy Demand (TWh),2045,34.56
Figure 5: High Demand Scenario Demand Forecast by Component,component,High-Demand,Baseline Growth,Net Annual Energy Demand (TWh),2046,36.71
Figure 5: High Demand Scenario Demand Forecast by Component,component,High-Demand,Baseline Growth,Net Annual Energy Demand (TWh),2047,38.52
Figure 5: High Demand Scenario Demand Forecast by Component,component,High-Demand,Baseline Growth,Net Annual Energy Demand (TWh),2048,41.11
Figure 5: High Demand Scenario Demand Forecast by Component,component,High-Demand,Baseline Growth,Net Annual Energy Demand (TWh),2049,43.69
Figure 5: High Demand Scenario Demand Forecast by Component,component,High-Demand,Baseline Growth,Net Annual Energy Demand (TWh),2050,46.25
Figure 5: High Demand Scenario Demand Forecast by Component,component,High-Demand,Growth Margin,Net Annual Energy Demand (TWh),2026,0.0
Figure 5: High Demand Scenario Demand Forecast by Component,component,High-Demand,Growth Margin,Net Annual Energy Demand (TWh),2027,3.19
Figure 5: High Demand Scenario Demand Forecast by Component,component,High-Demand,Growth Margin,Net Annual Energy Demand (TWh),2028,7.45
Figure 5: High Demand Scenario Demand Forecast by Component,component,High-Demand,Growth Margin,Net Annual Energy Demand (TWh),2029,13.05
Figure 5: High Demand Scenario Demand Forecast by Component,component,High-Demand,Growth Margin,Net Annual Energy Demand (TWh),2030,18.24
Figure 5: High Demand Scenario Demand Forecast by Component,component,High-Demand,Growth Margin,Net Annual Energy Demand (TWh),2031,24.72
Figure 5: High Demand Scenario Demand Forecast by Component,component,High-Demand,Growth Margin,Net Annual Energy Demand (TWh),2032,31.91
Figure 5: High Demand Scenario Demand Forecast by Component,component,High-Demand,Growth Margin,Net Annual Energy Demand (TWh),2033,36.74
Figure 5: High Demand Scenario Demand Forecast by Component,component,High-Demand,Growth Margin,Net Annual Energy Demand (TWh),2034,40.35
Figure 5: High Demand Scenario Demand Forecast by Component,component,High-Demand,Growth Margin,Net Annual Energy Demand (TWh),2035,48.22
Figure 5: High Demand Scenario Demand Forecast by Component,component,High-Demand,Growth Margin,Net Annual Energy Demand (TWh),2036,56.1
Figure 5: High Demand Scenario Demand Forecast by Component,component,High-Demand,Growth Margin,Net Annual Energy Demand (TWh),2037,61.94
Figure 5: High Demand Scenario Demand Forecast by Component,component,High-Demand,Growth Margin,Net Annual Energy Demand (TWh),2038,68.14
Figure 5: High Demand Scenario Demand Forecast by Component,component,High-Demand,Growth Margin,Net Annual Energy Demand (TWh),2039,70.06
Figure 5: High Demand Scenario Demand Forecast by Component,component,High-Demand,Growth Margin,Net Annual Energy Demand (TWh),2040,75.24
Figure 5: High Demand Scenario Demand Forecast by Component,component,High-Demand,Growth Margin,Net Annual Energy Demand (TWh),2041,77.87
Figure 5: High Demand Scenario Demand Forecast by Component,component,High-Demand,Growth Margin,Net Annual Energy Demand (TWh),2042,81.66
Figure 5: High Demand Scenario Demand Forecast by Component,component,High-Demand,Growth Margin,Net Annual Energy Demand (TWh),2043,83.78
Figure 5: High Demand Scenario Demand Forecast by Component,component,High-Demand,Growth Margin,Net Annual Energy Demand (TWh),2044,86.72
Figure 5: High Demand Scenario Demand Forecast by Component,component,High-Demand,Growth Margin,Net Annual Energy Demand (TWh),2045,87.59
Figure 5: High Demand Scenario Demand Forecast by Component,component,High-Demand,Growth Margin,Net Annual Energy Demand (TWh),2046,89.8
Figure 5: High Demand Scenario Demand Forecast by Component,component,High-Demand,Growth Margin,Net Annual Energy Demand (TWh),2047,91.45
Figure 5: High Demand Scenario Demand Forecast by Component,component,High-Demand,Growth Margin,Net Annual Energy Demand (TWh),2048,93.28
Figure 5: High Demand Scenario Demand Forecast by Component,component,High-Demand,Growth Margin,Net Annual Energy Demand (TWh),2049,95.54
Figure 5: High Demand Scenario Demand Forecast by Component,component,High-Demand,Growth Margin,Net Annual Energy Demand (TWh),2050,96.45
Figure 6: Low Demand Scenario Demand Forecast by Component,component,Low-Demand,Reference Year Demand,Net Annual Energy Demand (TWh),2026,149.62
Figure 6: Low Demand Scenario Demand Forecast by Component,component,Low-Demand,Reference Year Demand,Net Annual Energy Demand (TWh),2027,149.62
Figure 6: Low Demand Scenario Demand Forecast by Component,component,Low-Demand,Reference Year Demand,Net Annual Energy Demand (TWh),2028,149.62
Figure 6: Low Demand Scenario Demand Forecast by Component,component,Low-Demand,Reference Year Demand,Net Annual Energy Demand (TWh),2029,149.62
Figure 6: Low Demand Scenario Demand Forecast by Component,component,Low-Demand,Reference Year Demand,Net Annual Energy Demand (TWh),2030,149.62
Figure 6: Low Demand Scenario Demand Forecast by Component,component,Low-Demand,Reference Year Demand,Net Annual Energy Demand (TWh),2031,149.62
Figure 6: Low Demand Scenario Demand Forecast by Component,component,Low-Demand,Reference Year Demand,Net Annual Energy Demand (TWh),2032,149.62
Figure 6: Low Demand Scenario Demand Forecast by Component,component,Low-Demand,Reference Year Demand,Net Annual Energy Demand (TWh),2033,149.62
Figure 6: Low Demand Scenario Demand Forecast by Component,component,Low-Demand,Reference Year Demand,Net Annual Energy Demand (TWh),2034,149.62
Figure 6: Low Demand Scenario Demand Forecast by Component,component,Low-Demand,Reference Year Demand,Net Annual Energy Demand (TWh),2035,149.62
Figure 6: Low Demand Scenario Demand Forecast by Component,component,Low-Demand,Reference Year Demand,Net Annual Energy Demand (TWh),2036,149.62
Figure 6: Low Demand Scenario Demand Forecast by Component,component,Low-Demand,Reference Year Demand,Net Annual Energy Demand (TWh),2037,149.62
Figure 6: Low Demand Scenario Demand Forecast by Component,component,Low-Demand,Reference Year Demand,Net Annual Energy Demand (TWh),2038,149.62
Figure 6: Low Demand Scenario Demand Forecast by Component,component,Low-Demand,Reference Year Demand,Net Annual Energy Demand (TWh),2039,149.62
Figure 6: Low Demand Scenario Demand Forecast by Component,component,Low-Demand,Reference Year Demand,Net Annual Energy Demand (TWh),2040,149.62
Figure 6: Low Demand Scenario Demand Forecast by Component,component,Low-Demand,Reference Year Demand,Net Annual Energy Demand (TWh),2041,149.62
Figure 6: Low Demand Scenario Demand Forecast by Component,component,Low-Demand,Reference Year Demand,Net Annual Energy Demand (TWh),2042,149.62
Figure 6: Low Demand Scenario Demand Forecast by Component,component,Low-Demand,Reference Year Demand,Net Annual Energy Demand (TWh),2043,149.62
Figure 6: Low Demand Scenario Demand Forecast by Component,component,Low-Demand,Reference Year Demand,Net Annual Energy Demand (TWh),2044,149.62
Figure 6: Low Demand Scenario Demand Forecast by Component,component,Low-Demand,Reference Year Demand,Net Annual Energy Demand (TWh),2045,149.62
Figure 6: Low Demand Scenario Demand Forecast by Component,component,Low-Demand,Reference Year Demand,Net Annual Energy Demand (TWh),2046,149.62
Figure 6: Low Demand Scenario Demand Forecast by Component,component,Low-Demand,Reference Year Demand,Net Annual Energy Demand (TWh),2047,149.62
Figure 6: Low Demand Scenario Demand Forecast by Component,component,Low-Demand,Reference Year Demand,Net Annual Energy Demand (TWh),2048,149.62
Figure 6: Low Demand Scenario Demand Forecast by Component,component,Low-Demand,Reference Year Demand,Net Annual Energy Demand (TWh),2049,149.62
Figure 6: Low Demand Scenario Demand Forecast by Component,component,Low-Demand,Reference Year Demand,Net Annual Energy Demand (TWh),2050,149.62
Figure 6: Low Demand Scenario Demand Forecast by Component,component,Low-Demand,Baseline Growth,Net Annual Energy Demand (TWh),2026,0.0
Figure 6: Low Demand Scenario Demand Forecast by Component,component,Low-Demand,Baseline Growth,Net Annual Energy Demand (TWh),2027,1.45
Figure 6: Low Demand Scenario Demand Forecast by Component,component,Low-Demand,Baseline Growth,Net Annual Energy Demand (TWh),2028,2.96
Figure 6: Low Demand Scenario Demand Forecast by Component,component,Low-Demand,Baseline Growth,Net Annual Energy Demand (TWh),2029,2.97
Figure 6: Low Demand Scenario Demand Forecast by Component,component,Low-Demand,Baseline Growth,Net Annual Energy Demand (TWh),2030,3.44
Figure 6: Low Demand Scenario Demand Forecast by Component,component,Low-Demand,Baseline Growth,Net Annual Energy Demand (TWh),2031,3.58
Figure 6: Low Demand Scenario Demand Forecast by Component,component,Low-Demand,Baseline Growth,Net Annual Energy Demand (TWh),2032,7.12
Figure 6: Low Demand Scenario Demand Forecast by Component,component,Low-Demand,Baseline Growth,Net Annual Energy Demand (TWh),2033,6.32
Figure 6: Low Demand Scenario Demand Forecast by Component,component,Low-Demand,Baseline Growth,Net Annual Energy Demand (TWh),2034,6.82
Figure 6: Low Demand Scenario Demand Forecast by Component,component,Low-Demand,Baseline Growth,Net Annual Energy Demand (TWh),2035,6.85
Figure 6: Low Demand Scenario Demand Forecast by Component,component,Low-Demand,Baseline Growth,Net Annual Energy Demand (TWh),2036,6.94
Figure 6: Low Demand Scenario Demand Forecast by Component,component,Low-Demand,Baseline Growth,Net Annual Energy Demand (TWh),2037,6.67
Figure 6: Low Demand Scenario Demand Forecast by Component,component,Low-Demand,Baseline Growth,Net Annual Energy Demand (TWh),2038,6.8
Figure 6: Low Demand Scenario Demand Forecast by Component,component,Low-Demand,Baseline Growth,Net Annual Energy Demand (TWh),2039,7.48
Figure 6: Low Demand Scenario Demand Forecast by Component,component,Low-Demand,Baseline Growth,Net Annual Energy Demand (TWh),2040,7.59
Figure 6: Low Demand Scenario Demand Forecast by Component,component,Low-Demand,Baseline Growth,Net Annual Energy Demand (TWh),2041,8.1
Figure 6: Low Demand Scenario Demand Forecast by Component,component,Low-Demand,Baseline Growth,Net Annual Energy Demand (TWh),2042,6.72
Figure 6: Low Demand Scenario Demand Forecast by Component,component,Low-Demand,Baseline Growth,Net Annual Energy Demand (TWh),2043,7.07
Figure 6: Low Demand Scenario Demand Forecast by Component,component,Low-Demand,Baseline Growth,Net Annual Energy Demand (TWh),2044,7.41
Figure 6: Low Demand Scenario Demand Forecast by Component,component,Low-Demand,Baseline Growth,Net Annual Energy Demand (TWh),2045,7.98
Figure 6: Low Demand Scenario Demand Forecast by Component,component,Low-Demand,Baseline Growth,Net Annual Energy Demand (TWh),2046,8.29
Figure 6: Low Demand Scenario Demand Forecast by Component,component,Low-Demand,Baseline Growth,Net Annual Energy Demand (TWh),2047,8.44
Figure 6: Low Demand Scenario Demand Forecast by Component,component,Low-Demand,Baseline Growth,Net Annual Energy Demand (TWh),2048,9.24
Figure 6: Low Demand Scenario Demand Forecast by Component,component,Low-Demand,Baseline Growth,Net Annual Energy Demand (TWh),2049,9.78
Figure 6: Low Demand Scenario Demand Forecast by Component,component,Low-Demand,Baseline Growth,Net Annual Energy Demand (TWh),2050,10.4
Figure 6: Low Demand Scenario Demand Forecast by Component,component,Low-Demand,Growth Margin,Net Annual Energy Demand (TWh),2026,0.0
Figure 6: Low Demand Scenario Demand Forecast by Component,component,Low-Demand,Growth Margin,Net Annual Energy Demand (TWh),2027,0.45
Figure 6: Low Demand Scenario Demand Forecast by Component,component,Low-Demand,Growth Margin,Net Annual Energy Demand (TWh),2028,2.3
Figure 6: Low Demand Scenario Demand Forecast by Component,component,Low-Demand,Growth Margin,Net Annual Energy Demand (TWh),2029,4.66
Figure 6: Low Demand Scenario Demand Forecast by Component,component,Low-Demand,Growth Margin,Net Annual Energy Demand (TWh),2030,7.03
Figure 6: Low Demand Scenario Demand Forecast by Component,component,Low-Demand,Growth Margin,Net Annual Energy Demand (TWh),2031,10.62
Figure 6: Low Demand Scenario Demand Forecast by Component,component,Low-Demand,Growth Margin,Net Annual Energy Demand (TWh),2032,14.66
Figure 6: Low Demand Scenario Demand Forecast by Component,component,Low-Demand,Growth Margin,Net Annual Energy Demand (TWh),2033,16.8
Figure 6: Low Demand Scenario Demand Forecast by Component,component,Low-Demand,Growth Margin,Net Annual Energy Demand (TWh),2034,18.4
Figure 6: Low Demand Scenario Demand Forecast by Component,component,Low-Demand,Growth Margin,Net Annual Energy Demand (TWh),2035,20.87
Figure 6: Low Demand Scenario Demand Forecast by Component,component,Low-Demand,Growth Margin,Net Annual Energy Demand (TWh),2036,22.76
Figure 6: Low Demand Scenario Demand Forecast by Component,component,Low-Demand,Growth Margin,Net Annual Energy Demand (TWh),2037,24.39
Figure 6: Low Demand Scenario Demand Forecast by Component,component,Low-Demand,Growth Margin,Net Annual Energy Demand (TWh),2038,25.89
Figure 6: Low Demand Scenario Demand Forecast by Component,component,Low-Demand,Growth Margin,Net Annual Energy Demand (TWh),2039,26.86
Figure 6: Low Demand Scenario Demand Forecast by Component,component,Low-Demand,Growth Margin,Net Annual Energy Demand (TWh),2040,29.62
Figure 6: Low Demand Scenario Demand Forecast by Component,component,Low-Demand,Growth Margin,Net Annual Energy Demand (TWh),2041,31.28
Figure 6: Low Demand Scenario Demand Forecast by Component,component,Low-Demand,Growth Margin,Net Annual Energy Demand (TWh),2042,35.04
Figure 6: Low Demand Scenario Demand Forecast by Component,component,Low-Demand,Growth Margin,Net Annual Energy Demand (TWh),2043,36.81
Figure 6: Low Demand Scenario Demand Forecast by Component,component,Low-Demand,Growth Margin,Net Annual Energy Demand (TWh),2044,39.37
Figure 6: Low Demand Scenario Demand Forecast by Component,component,Low-Demand,Growth Margin,Net Annual Energy Demand (TWh),2045,40.03
Figure 6: Low Demand Scenario Demand Forecast by Component,component,Low-Demand,Growth Margin,Net Annual Energy Demand (TWh),2046,41.77
Figure 6: Low Demand Scenario Demand Forecast by Component,component,Low-Demand,Growth Margin,Net Annual Energy Demand (TWh),2047,43.35
Figure 6: Low Demand Scenario Demand Forecast by Component,component,Low-Demand,Growth Margin,Net Annual Energy Demand (TWh),2048,45.13
Figure 6: Low Demand Scenario Demand Forecast by Component,component,Low-Demand,Growth Margin,Net Annual Energy Demand (TWh),2049,45.88
Figure 6: Low Demand Scenario Demand Forecast by Component,component,Low-Demand,Growth Margin,Net Annual Energy Demand (TWh),2050,47.1
Figure 7: Growth Margin Component by 2050 – Reference Scenario,growth_margin_component,Reference,Electric Vehicles,Percentage,2050,0.46
Figure 7: Growth Margin Component by 2050 – Reference Scenario,growth_margin_component,Reference,Rail Transit Electrification,Percentage,2050,0.02
Figure 7: Growth Margin Component by 2050 – Reference Scenario,growth_margin_component,Reference,Large Industrial Loads,Percentage,2050,0.2
Figure 7: Growth Margin Component by 2050 – Reference Scenario,growth_margin_component,Reference,Comercial Data Centres,Percentage,2050,0.23
Figure 7: Growth Margin Component by 2050 – Reference Scenario,growth_margin_component,Reference,Industrial Mining,Percentage,2050,0.09
Table 1: Industrial Conservation Initiative Maximum Annual Impact by Scenario,other,Reference,Reference Scenario Summer - System Peak Demand Day - Maximum ICI Impact,Hourly Energy Demand (MW),2027,-2007.07
Table 1: Industrial Conservation Initiative Maximum Annual Impact by Scenario,other,Reference,Reference Scenario Summer - System Peak Demand Day - Maximum ICI Impact,Hourly Energy Demand (MW),2028,-2059.72
Table 1: Industrial Conservation Initiative Maximum Annual Impact by Scenario,other,Reference,Reference Scenario Summer - System Peak Demand Day - Maximum ICI Impact,Hourly Energy Demand (MW),2029,-2105.23
Table 1: Industrial Conservation Initiative Maximum Annual Impact by Scenario,other,Reference,Reference Scenario Summer - System Peak Demand Day - Maximum ICI Impact,Hourly Energy Demand (MW),2030,-2164.22
Table 1: Industrial Conservation Initiative Maximum Annual Impact by Scenario,other,Reference,Reference Scenario Summer - System Peak Demand Day - Maximum ICI Impact,Hourly Energy Demand (MW),2031,-2215.14
Table 1: Industrial Conservation Initiative Maximum Annual Impact by Scenario,other,Reference,Reference Scenario Summer - System Peak Demand Day - Maximum ICI Impact,Hourly Energy Demand (MW),2032,-2253.29
Table 1: Industrial Conservation Initiative Maximum Annual Impact by Scenario,other,Reference,Reference Scenario Summer - System Peak Demand Day - Maximum ICI Impact,Hourly Energy Demand (MW),2033,-2263.38
Table 1: Industrial Conservation Initiative Maximum Annual Impact by Scenario,other,Reference,Reference Scenario Summer - System Peak Demand Day - Maximum ICI Impact,Hourly Energy Demand (MW),2034,-2266.45
Table 1: Industrial Conservation Initiative Maximum Annual Impact by Scenario,other,Reference,Reference Scenario Summer - System Peak Demand Day - Maximum ICI Impact,Hourly Energy Demand (MW),2035,-2273.12
Table 1: Industrial Conservation Initiative Maximum Annual Impact by Scenario,other,Reference,Reference Scenario Summer - System Peak Demand Day - Maximum ICI Impact,Hourly Energy Demand (MW),2036,-2277.0
Table 1: Industrial Conservation Initiative Maximum Annual Impact by Scenario,other,Reference,Reference Scenario Summer - System Peak Demand Day - Maximum ICI Impact,Hourly Energy Demand (MW),2037,-2279.45
Table 1: Industrial Conservation Initiative Maximum Annual Impact by Scenario,other,Reference,Reference Scenario Summer - System Peak Demand Day - Maximum ICI Impact,Hourly Energy Demand (MW),2038,-2288.94
Table 1: Industrial Conservation Initiative Maximum Annual Impact by Scenario,other,Reference,Reference Scenario Summer - System Peak Demand Day - Maximum ICI Impact,Hourly Energy Demand (MW),2039,-2295.0
Table 1: Industrial Conservation Initiative Maximum Annual Impact by Scenario,other,Reference,Reference Scenario Summer - System Peak Demand Day - Maximum ICI Impact,Hourly Energy Demand (MW),2040,-2303.09
Table 1: Industrial Conservation Initiative Maximum Annual Impact by Scenario,other,Reference,Reference Scenario Summer - System Peak Demand Day - Maximum ICI Impact,Hourly Energy Demand (MW),2041,-2308.18
Table 1: Industrial Conservation Initiative Maximum Annual Impact by Scenario,other,Reference,Reference Scenario Summer - System Peak Demand Day - Maximum ICI Impact,Hourly Energy Demand (MW),2042,-2315.3
Table 1: Industrial Conservation Initiative Maximum Annual Impact by Scenario,other,Reference,Reference Scenario Summer - System Peak Demand Day - Maximum ICI Impact,Hourly Energy Demand (MW),2043,-2321.28
Table 1: Industrial Conservation Initiative Maximum Annual Impact by Scenario,other,Reference,Reference Scenario Summer - System Peak Demand Day - Maximum ICI Impact,Hourly Energy Demand (MW),2044,-2345.06
Table 1: Industrial Conservation Initiative Maximum Annual Impact by Scenario,other,Reference,Reference Scenario Summer - System Peak Demand Day - Maximum ICI Impact,Hourly Energy Demand (MW),2045,-2360.27
Table 1: Industrial Conservation Initiative Maximum Annual Impact by Scenario,other,Reference,Reference Scenario Summer - System Peak Demand Day - Maximum ICI Impact,Hourly Energy Demand (MW),2046,-2375.46
Table 1: Industrial Conservation Initiative Maximum Annual Impact by Scenario,other,Reference,Reference Scenario Summer - System Peak Demand Day - Maximum ICI Impact,Hourly Energy Demand (MW),2047,-2393.37
Table 1: Industrial Conservation Initiative Maximum Annual Impact by Scenario,other,Reference,Reference Scenario Summer - System Peak Demand Day - Maximum ICI Impact,Hourly Energy Demand (MW),2048,-2413.53
Table 1: Industrial Conservation Initiative Maximum Annual Impact by Scenario,other,Reference,Reference Scenario Summer - System Peak Demand Day - Maximum ICI Impact,Hourly Energy Demand (MW),2049,-2440.52
Table 1: Industrial Conservation Initiative Maximum Annual Impact by Scenario,other,Reference,Reference Scenario Summer - System Peak Demand Day - Maximum ICI Impact,Hourly Energy Demand (MW),2050,-2461.83
Table 1: Industrial Conservation Initiative Maximum Annual Impact by Scenario,other,Reference,Reference Scenario Winter - System Peak Demand Day - Maximum ICI Impact,Hourly Energy Demand (MW),2027,-1429.29
Table 1: Industrial Conservation Initiative Maximum Annual Impact by Scenario,other,Reference,Reference Scenario Winter - System Peak Demand Day - Maximum ICI Impact,Hourly Energy Demand (MW),2028,-1466.78
Table 1: Industrial Conservation Initiative Maximum Annual Impact by Scenario,other,Reference,Reference Scenario Winter - System Peak Demand Day - Maximum ICI Impact,Hourly Energy Demand (MW),2029,-1499.19
Table 1: Industrial Conservation Initiative Maximum Annual Impact by Scenario,other,Reference,Reference Scenario Winter - System Peak Demand Day - Maximum ICI Impact,Hourly Energy Demand (MW),2030,-1541.2
Table 1: Industrial Conservation Initiative Maximum Annual Impact by Scenario,other,Reference,Reference Scenario Winter - System Peak Demand Day - Maximum ICI Impact,Hourly Energy Demand (MW),2031,-1577.47
Table 1: Industrial Conservation Initiative Maximum Annual Impact by Scenario,other,Reference,Reference Scenario Winter - System Peak Demand Day - Maximum ICI Impact,Hourly Energy Demand (MW),2032,-1604.63
Table 1: Industrial Conservation Initiative Maximum Annual Impact by Scenario,other,Reference,Reference Scenario Winter - System Peak Demand Day - Maximum ICI Impact,Hourly Energy Demand (MW),2033,-1611.81
Table 1: Industrial Conservation Initiative Maximum Annual Impact by Scenario,other,Reference,Reference Scenario Winter - System Peak Demand Day - Maximum ICI Impact,Hourly Energy Demand (MW),2034,-1614.0
Table 1: Industrial Conservation Initiative Maximum Annual Impact by Scenario,other,Reference,Reference Scenario Winter - System Peak Demand Day - Maximum ICI Impact,Hourly Energy Demand (MW),2035,-1618.75
Table 1: Industrial Conservation Initiative Maximum Annual Impact by Scenario,other,Reference,Reference Scenario Winter - System Peak Demand Day - Maximum ICI Impact,Hourly Energy Demand (MW),2036,-1621.52
Table 1: Industrial Conservation Initiative Maximum Annual Impact by Scenario,other,Reference,Reference Scenario Winter - System Peak Demand Day - Maximum ICI Impact,Hourly Energy Demand (MW),2037,-1623.26
Table 1: Industrial Conservation Initiative Maximum Annual Impact by Scenario,other,Reference,Reference Scenario Winter - System Peak Demand Day - Maximum ICI Impact,Hourly Energy Demand (MW),2038,-1630.02
Table 1: Industrial Conservation Initiative Maximum Annual Impact by Scenario,other,Reference,Reference Scenario Winter - System Peak Demand Day - Maximum ICI Impact,Hourly Energy Demand (MW),2039,-1634.33
Table 1: Industrial Conservation Initiative Maximum Annual Impact by Scenario,other,Reference,Reference Scenario Winter - System Peak Demand Day - Maximum ICI Impact,Hourly Energy Demand (MW),2040,-1640.09
Table 1: Industrial Conservation Initiative Maximum Annual Impact by Scenario,other,Reference,Reference Scenario Winter - System Peak Demand Day - Maximum ICI Impact,Hourly Energy Demand (MW),2041,-1643.72
Table 1: Industrial Conservation Initiative Maximum Annual Impact by Scenario,other,Reference,Reference Scenario Winter - System Peak Demand Day - Maximum ICI Impact,Hourly Energy Demand (MW),2042,-1648.79
Table 1: Industrial Conservation Initiative Maximum Annual Impact by Scenario,other,Reference,Reference Scenario Winter - System Peak Demand Day - Maximum ICI Impact,Hourly Energy Demand (MW),2043,-1653.05
Table 1: Industrial Conservation Initiative Maximum Annual Impact by Scenario,other,Reference,Reference Scenario Winter - System Peak Demand Day - Maximum ICI Impact,Hourly Energy Demand (MW),2044,-1669.98
Table 1: Industrial Conservation Initiative Maximum Annual Impact by Scenario,other,Reference,Reference Scenario Winter - System Peak Demand Day - Maximum ICI Impact,Hourly Energy Demand (MW),2045,-1680.81
Table 1: Industrial Conservation Initiative Maximum Annual Impact by Scenario,other,Reference,Reference Scenario Winter - System Peak Demand Day - Maximum ICI Impact,Hourly Energy Demand (MW),2046,-1691.63
Table 1: Industrial Conservation Initiative Maximum Annual Impact by Scenario,other,Reference,Reference Scenario Winter - System Peak Demand Day - Maximum ICI Impact,Hourly Energy Demand (MW),2047,-1704.38
Table 1: Industrial Conservation Initiative Maximum Annual Impact by Scenario,other,Reference,Reference Scenario Winter - System Peak Demand Day - Maximum ICI Impact,Hourly Energy Demand (MW),2048,-1718.74
Table 1: Industrial Conservation Initiative Maximum Annual Impact by Scenario,other,Reference,Reference Scenario Winter - System Peak Demand Day - Maximum ICI Impact,Hourly Energy Demand (MW),2049,-1737.96
Table 1: Industrial Conservation Initiative Maximum Annual Impact by Scenario,other,Reference,Reference Scenario Winter - System Peak Demand Day - Maximum ICI Impact,Hourly Energy Demand (MW),2050,-1753.14
Table 1: Industrial Conservation Initiative Maximum Annual Impact by Scenario,other,High-Demand,High Demand Scenario Summer - System Peak Demand Day - Maximum ICI Impact,Hourly Energy Demand (MW),2027,-2021.03
Table 1: Industrial Conservation Initiative Maximum Annual Impact by Scenario,other,High-Demand,High Demand Scenario Summer - System Peak Demand Day - Maximum ICI Impact,Hourly Energy Demand (MW),2028,-2080.16
Table 1: Industrial Conservation Initiative Maximum Annual Impact by Scenario,other,High-Demand,High Demand Scenario Summer - System Peak Demand Day - Maximum ICI Impact,Hourly Energy Demand (MW),2029,-2173.45
Table 1: Industrial Conservation Initiative Maximum Annual Impact by Scenario,other,High-Demand,High Demand Scenario Summer - System Peak Demand Day - Maximum ICI Impact,Hourly Energy Demand (MW),2030,-2223.26
Table 1: Industrial Conservation Initiative Maximum Annual Impact by Scenario,other,High-Demand,High Demand Scenario Summer - System Peak Demand Day - Maximum ICI Impact,Hourly Energy Demand (MW),2031,-2268.11
Table 1: Industrial Conservation Initiative Maximum Annual Impact by Scenario,other,High-Demand,High Demand Scenario Summer - System Peak Demand Day - Maximum ICI Impact,Hourly Energy Demand (MW),2032,-2310.95
Table 1: Industrial Conservation Initiative Maximum Annual Impact by Scenario,other,High-Demand,High Demand Scenario Summer - System Peak Demand Day - Maximum ICI Impact,Hourly Energy Demand (MW),2033,-2334.6
Table 1: Industrial Conservation Initiative Maximum Annual Impact by Scenario,other,High-Demand,High Demand Scenario Summer - System Peak Demand Day - Maximum ICI Impact,Hourly Energy Demand (MW),2034,-2354.21
Table 1: Industrial Conservation Initiative Maximum Annual Impact by Scenario,other,High-Demand,High Demand Scenario Summer - System Peak Demand Day - Maximum ICI Impact,Hourly Energy Demand (MW),2035,-2382.6
Table 1: Industrial Conservation Initiative Maximum Annual Impact by Scenario,other,High-Demand,High Demand Scenario Summer - System Peak Demand Day - Maximum ICI Impact,Hourly Energy Demand (MW),2036,-2398.81
Table 1: Industrial Conservation Initiative Maximum Annual Impact by Scenario,other,High-Demand,High Demand Scenario Summer - System Peak Demand Day - Maximum ICI Impact,Hourly Energy Demand (MW),2037,-2413.96
Table 1: Industrial Conservation Initiative Maximum Annual Impact by Scenario,other,High-Demand,High Demand Scenario Summer - System Peak Demand Day - Maximum ICI Impact,Hourly Energy Demand (MW),2038,-2423.89
Table 1: Industrial Conservation Initiative Maximum Annual Impact by Scenario,other,High-Demand,High Demand Scenario Summer - System Peak Demand Day - Maximum ICI Impact,Hourly Energy Demand (MW),2039,-2428.56
Table 1: Industrial Conservation Initiative Maximum Annual Impact by Scenario,other,High-Demand,High Demand Scenario Summer - System Peak Demand Day - Maximum ICI Impact,Hourly Energy Demand (MW),2040,-2463.08
Table 1: Industrial Conservation Initiative Maximum Annual Impact by Scenario,other,High-Demand,High Demand Scenario Summer - System Peak Demand Day - Maximum ICI Impact,Hourly Energy Demand (MW),2041,-2467.27
Table 1: Industrial Conservation Initiative Maximum Annual Impact by Scenario,other,High-Demand,High Demand Scenario Summer - System Peak Demand Day - Maximum ICI Impact,Hourly Energy Demand (MW),2042,-2500.33
Table 1: Industrial Conservation Initiative Maximum Annual Impact by Scenario,other,High-Demand,High Demand Scenario Summer - System Peak Demand Day - Maximum ICI Impact,Hourly Energy Demand (MW),2043,-2520.08
Table 1: Industrial Conservation Initiative Maximum Annual Impact by Scenario,other,High-Demand,High Demand Scenario Summer - System Peak Demand Day - Maximum ICI Impact,Hourly Energy Demand (MW),2044,-2542.68
Table 1: Industrial Conservation Initiative Maximum Annual Impact by Scenario,other,High-Demand,High Demand Scenario Summer - System Peak Demand Day - Maximum ICI Impact,Hourly Energy Demand (MW),2045,-2562.14
Table 1: Industrial Conservation Initiative Maximum Annual Impact by Scenario,other,High-Demand,High Demand Scenario Summer - System Peak Demand Day - Maximum ICI Impact,Hourly Energy Demand (MW),2046,-2586.56
Table 1: Industrial Conservation Initiative Maximum Annual Impact by Scenario,other,High-Demand,High Demand Scenario Summer - System Peak Demand Day - Maximum ICI Impact,Hourly Energy Demand (MW),2047,-2603.5
Table 1: Industrial Conservation Initiative Maximum Annual Impact by Scenario,other,High-Demand,High Demand Scenario Summer - System Peak Demand Day - Maximum ICI Impact,Hourly Energy Demand (MW),2048,-2620.66
Table 1: Industrial Conservation Initiative Maximum Annual Impact by Scenario,other,High-Demand,High Demand Scenario Summer - System Peak Demand Day - Maximum ICI Impact,Hourly Energy Demand (MW),2049,-2685.02
Table 1: Industrial Conservation Initiative Maximum Annual Impact by Scenario,other,High-Demand,High Demand Scenario Summer - System Peak Demand Day - Maximum ICI Impact,Hourly Energy Demand (MW),2050,-2708.16
Table 1: Industrial Conservation Initiative Maximum Annual Impact by Scenario,other,High-Demand,High Demand Scenario Winter - System Peak Demand Day - Maximum ICI Impact,Hourly Energy Demand (MW),2027,-1443.63
Table 1: Industrial Conservation Initiative Maximum Annual Impact by Scenario,other,High-Demand,High Demand Scenario Winter - System Peak Demand Day - Maximum ICI Impact,Hourly Energy Demand (MW),2028,-1485.87
Table 1: Industrial Conservation Initiative Maximum Annual Impact by Scenario,other,High-Demand,High Demand Scenario Winter - System Peak Demand Day - Maximum ICI Impact,Hourly Energy Demand (MW),2029,-1552.5
Table 1: Industrial Conservation Initiative Maximum Annual Impact by Scenario,other,High-Demand,High Demand Scenario Winter - System Peak Demand Day - Maximum ICI Impact,Hourly Energy Demand (MW),2030,-1588.08
Table 1: Industrial Conservation Initiative Maximum Annual Impact by Scenario,other,High-Demand,High Demand Scenario Winter - System Peak Demand Day - Maximum ICI Impact,Hourly Energy Demand (MW),2031,-1620.12
Table 1: Industrial Conservation Initiative Maximum Annual Impact by Scenario,other,High-Demand,High Demand Scenario Winter - System Peak Demand Day - Maximum ICI Impact,Hourly Energy Demand (MW),2032,-1650.72
Table 1: Industrial Conservation Initiative Maximum Annual Impact by Scenario,other,High-Demand,High Demand Scenario Winter - System Peak Demand Day - Maximum ICI Impact,Hourly Energy Demand (MW),2033,-1667.62
Table 1: Industrial Conservation Initiative Maximum Annual Impact by Scenario,other,High-Demand,High Demand Scenario Winter - System Peak Demand Day - Maximum ICI Impact,Hourly Energy Demand (MW),2034,-1681.62
Table 1: Industrial Conservation Initiative Maximum Annual Impact by Scenario,other,High-Demand,High Demand Scenario Winter - System Peak Demand Day - Maximum ICI Impact,Hourly Energy Demand (MW),2035,-1701.9
Table 1: Industrial Conservation Initiative Maximum Annual Impact by Scenario,other,High-Demand,High Demand Scenario Winter - System Peak Demand Day - Maximum ICI Impact,Hourly Energy Demand (MW),2036,-1713.48
Table 1: Industrial Conservation Initiative Maximum Annual Impact by Scenario,other,High-Demand,High Demand Scenario Winter - System Peak Demand Day - Maximum ICI Impact,Hourly Energy Demand (MW),2037,-1724.3
Table 1: Industrial Conservation Initiative Maximum Annual Impact by Scenario,other,High-Demand,High Demand Scenario Winter - System Peak Demand Day - Maximum ICI Impact,Hourly Energy Demand (MW),2038,-1731.4
Table 1: Industrial Conservation Initiative Maximum Annual Impact by Scenario,other,High-Demand,High Demand Scenario Winter - System Peak Demand Day - Maximum ICI Impact,Hourly Energy Demand (MW),2039,-1734.73
Table 1: Industrial Conservation Initiative Maximum Annual Impact by Scenario,other,High-Demand,High Demand Scenario Winter - System Peak Demand Day - Maximum ICI Impact,Hourly Energy Demand (MW),2040,-1759.39
Table 1: Industrial Conservation Initiative Maximum Annual Impact by Scenario,other,High-Demand,High Demand Scenario Winter - System Peak Demand Day - Maximum ICI Impact,Hourly Energy Demand (MW),2041,-1762.38
Table 1: Industrial Conservation Initiative Maximum Annual Impact by Scenario,other,High-Demand,High Demand Scenario Winter - System Peak Demand Day - Maximum ICI Impact,Hourly Energy Demand (MW),2042,-1786.0
Table 1: Industrial Conservation Initiative Maximum Annual Impact by Scenario,other,High-Demand,High Demand Scenario Winter - System Peak Demand Day - Maximum ICI Impact,Hourly Energy Demand (MW),2043,-1800.1
Table 1: Industrial Conservation Initiative Maximum Annual Impact by Scenario,other,High-Demand,High Demand Scenario Winter - System Peak Demand Day - Maximum ICI Impact,Hourly Energy Demand (MW),2044,-1816.25
Table 1: Industrial Conservation Initiative Maximum Annual Impact by Scenario,other,High-Demand,High Demand Scenario Winter - System Peak Demand Day - Maximum ICI Impact,Hourly Energy Demand (MW),2045,-1830.15
Table 1: Industrial Conservation Initiative Maximum Annual Impact by Scenario,other,High-Demand,High Demand Scenario Winter - System Peak Demand Day - Maximum ICI Impact,Hourly Energy Demand (MW),2046,-1847.59
Table 1: Industrial Conservation Initiative Maximum Annual Impact by Scenario,other,High-Demand,High Demand Scenario Winter - System Peak Demand Day - Maximum ICI Impact,Hourly Energy Demand (MW),2047,-1859.69
Table 1: Industrial Conservation Initiative Maximum Annual Impact by Scenario,other,High-Demand,High Demand Scenario Winter - System Peak Demand Day - Maximum ICI Impact,Hourly Energy Demand (MW),2048,-1871.95
Table 1: Industrial Conservation Initiative Maximum Annual Impact by Scenario,other,High-Demand,High Demand Scenario Winter - System Peak Demand Day - Maximum ICI Impact,Hourly Energy Demand (MW),2049,-1917.92
Table 1: Industrial Conservation Initiative Maximum Annual Impact by Scenario,other,High-Demand,High Demand Scenario Winter - System Peak Demand Day - Maximum ICI Impact,Hourly Energy Demand (MW),2050,-1934.45
Table 1: Industrial Conservation Initiative Maximum Annual Impact by Scenario,other,Low-Demand,Low Demand Scenario Summer - System Peak Demand Day - Maximum ICI Impact,Hourly Energy Demand (MW),2027,-1982.0
Table 1: Industrial Conservation Initiative Maximum Annual Impact by Scenario,other,Low-Demand,Low Demand Scenario Summer - System Peak Demand Day - Maximum ICI Impact,Hourly Energy Demand (MW),2028,-2015.0
Table 1: Industrial Conservation Initiative Maximum Annual Impact by Scenario,other,Low-Demand,Low Demand Scenario Summer - System Peak Demand Day - Maximum ICI Impact,Hourly Energy Demand (MW),2029,-2044.0
Table 1: Industrial Conservation Initiative Maximum Annual Impact by Scenario,other,Low-Demand,Low Demand Scenario Summer - System Peak Demand Day - Maximum ICI Impact,Hourly Energy Demand (MW),2030,-2057.0
Table 1: Industrial Conservation Initiative Maximum Annual Impact by Scenario,other,Low-Demand,Low Demand Scenario Summer - System Peak Demand Day - Maximum ICI Impact,Hourly Energy Demand (MW),2031,-2090.0
Table 1: Industrial Conservation Initiative Maximum Annual Impact by Scenario,other,Low-Demand,Low Demand Scenario Summer - System Peak Demand Day - Maximum ICI Impact,Hourly Energy Demand (MW),2032,-2159.0
Table 1: Industrial Conservation Initiative Maximum Annual Impact by Scenario,other,Low-Demand,Low Demand Scenario Summer - System Peak Demand Day - Maximum ICI Impact,Hourly Energy Demand (MW),2033,-2162.0
Table 1: Industrial Conservation Initiative Maximum Annual Impact by Scenario,other,Low-Demand,Low Demand Scenario Summer - System Peak Demand Day - Maximum ICI Impact,Hourly Energy Demand (MW),2034,-2171.0
Table 1: Industrial Conservation Initiative Maximum Annual Impact by Scenario,other,Low-Demand,Low Demand Scenario Summer - System Peak Demand Day - Maximum ICI Impact,Hourly Energy Demand (MW),2035,-2182.0
Table 1: Industrial Conservation Initiative Maximum Annual Impact by Scenario,other,Low-Demand,Low Demand Scenario Summer - System Peak Demand Day - Maximum ICI Impact,Hourly Energy Demand (MW),2036,-2185.0
Table 1: Industrial Conservation Initiative Maximum Annual Impact by Scenario,other,Low-Demand,Low Demand Scenario Summer - System Peak Demand Day - Maximum ICI Impact,Hourly Energy Demand (MW),2037,-2187.0
Table 1: Industrial Conservation Initiative Maximum Annual Impact by Scenario,other,Low-Demand,Low Demand Scenario Summer - System Peak Demand Day - Maximum ICI Impact,Hourly Energy Demand (MW),2038,-2185.0
Table 1: Industrial Conservation Initiative Maximum Annual Impact by Scenario,other,Low-Demand,Low Demand Scenario Summer - System Peak Demand Day - Maximum ICI Impact,Hourly Energy Demand (MW),2039,-2186.0
Table 1: Industrial Conservation Initiative Maximum Annual Impact by Scenario,other,Low-Demand,Low Demand Scenario Summer - System Peak Demand Day - Maximum ICI Impact,Hourly Energy Demand (MW),2040,-2187.0
Table 1: Industrial Conservation Initiative Maximum Annual Impact by Scenario,other,Low-Demand,Low Demand Scenario Summer - System Peak Demand Day - Maximum ICI Impact,Hourly Energy Demand (MW),2041,-2194.0
Table 1: Industrial Conservation Initiative Maximum Annual Impact by Scenario,other,Low-Demand,Low Demand Scenario Summer - System Peak Demand Day - Maximum ICI Impact,Hourly Energy Demand (MW),2042,-2207.0
Table 1: Industrial Conservation Initiative Maximum Annual Impact by Scenario,other,Low-Demand,Low Demand Scenario Summer - System Peak Demand Day - Maximum ICI Impact,Hourly Energy Demand (MW),2043,-2210.0
Table 1: Industrial Conservation Initiative Maximum Annual Impact by Scenario,other,Low-Demand,Low Demand Scenario Summer - System Peak Demand Day - Maximum ICI Impact,Hourly Energy Demand (MW),2044,-2216.0
Table 1: Industrial Conservation Initiative Maximum Annual Impact by Scenario,other,Low-Demand,Low Demand Scenario Summer - System Peak Demand Day - Maximum ICI Impact,Hourly Energy Demand (MW),2045,-2222.0
Table 1: Industrial Conservation Initiative Maximum Annual Impact by Scenario,other,Low-Demand,Low Demand Scenario Summer - System Peak Demand Day - Maximum ICI Impact,Hourly Energy Demand (MW),2046,-2228.0
Table 1: Industrial Conservation Initiative Maximum Annual Impact by Scenario,other,Low-Demand,Low Demand Scenario Summer - System Peak Demand Day - Maximum ICI Impact,Hourly Energy Demand (MW),2047,-2233.0
Table 1: Industrial Conservation Initiative Maximum Annual Impact by Scenario,other,Low-Demand,Low Demand Scenario Summer - System Peak Demand Day - Maximum ICI Impact,Hourly Energy Demand (MW),2048,-2241.0
Table 1: Industrial Conservation Initiative Maximum Annual Impact by Scenario,other,Low-Demand,Low Demand Scenario Summer - System Peak Demand Day - Maximum ICI Impact,Hourly Energy Demand (MW),2049,-2252.0
Table 1: Industrial Conservation Initiative Maximum Annual Impact by Scenario,other,Low-Demand,Low Demand Scenario Summer - System Peak Demand Day - Maximum ICI Impact,Hourly Energy Demand (MW),2050,-2259.0
Table 1: Industrial Conservation Initiative Maximum Annual Impact by Scenario,other,Low-Demand,Low Demand Scenario Winter - System Peak Demand Day - Maximum ICI Impact,Hourly Energy Demand (MW),2027,-1411.0
Table 1: Industrial Conservation Initiative Maximum Annual Impact by Scenario,other,Low-Demand,Low Demand Scenario Winter - System Peak Demand Day - Maximum ICI Impact,Hourly Energy Demand (MW),2028,-1435.0
Table 1: Industrial Conservation Initiative Maximum Annual Impact by Scenario,other,Low-Demand,Low Demand Scenario Winter - System Peak Demand Day - Maximum ICI Impact,Hourly Energy Demand (MW),2029,-1455.0
Table 1: Industrial Conservation Initiative Maximum Annual Impact by Scenario,other,Low-Demand,Low Demand Scenario Winter - System Peak Demand Day - Maximum ICI Impact,Hourly Energy Demand (MW),2030,-1465.0
Table 1: Industrial Conservation Initiative Maximum Annual Impact by Scenario,other,Low-Demand,Low Demand Scenario Winter - System Peak Demand Day - Maximum ICI Impact,Hourly Energy Demand (MW),2031,-1488.0
Table 1: Industrial Conservation Initiative Maximum Annual Impact by Scenario,other,Low-Demand,Low Demand Scenario Winter - System Peak Demand Day - Maximum ICI Impact,Hourly Energy Demand (MW),2032,-1537.0
Table 1: Industrial Conservation Initiative Maximum Annual Impact by Scenario,other,Low-Demand,Low Demand Scenario Winter - System Peak Demand Day - Maximum ICI Impact,Hourly Energy Demand (MW),2033,-1539.0
Table 1: Industrial Conservation Initiative Maximum Annual Impact by Scenario,other,Low-Demand,Low Demand Scenario Winter - System Peak Demand Day - Maximum ICI Impact,Hourly Energy Demand (MW),2034,-1546.0
Table 1: Industrial Conservation Initiative Maximum Annual Impact by Scenario,other,Low-Demand,Low Demand Scenario Winter - System Peak Demand Day - Maximum ICI Impact,Hourly Energy Demand (MW),2035,-1554.0
Table 1: Industrial Conservation Initiative Maximum Annual Impact by Scenario,other,Low-Demand,Low Demand Scenario Winter - System Peak Demand Day - Maximum ICI Impact,Hourly Energy Demand (MW),2036,-1556.0
Table 1: Industrial Conservation Initiative Maximum Annual Impact by Scenario,other,Low-Demand,Low Demand Scenario Winter - System Peak Demand Day - Maximum ICI Impact,Hourly Energy Demand (MW),2037,-1558.0
Table 1: Industrial Conservation Initiative Maximum Annual Impact by Scenario,other,Low-Demand,Low Demand Scenario Winter - System Peak Demand Day - Maximum ICI Impact,Hourly Energy Demand (MW),2038,-1556.0
Table 1: Industrial Conservation Initiative Maximum Annual Impact by Scenario,other,Low-Demand,Low Demand Scenario Winter - System Peak Demand Day - Maximum ICI Impact,Hourly Energy Demand (MW),2039,-1557.0
Table 1: Industrial Conservation Initiative Maximum Annual Impact by Scenario,other,Low-Demand,Low Demand Scenario Winter - System Peak Demand Day - Maximum ICI Impact,Hourly Energy Demand (MW),2040,-1557.0
Table 1: Industrial Conservation Initiative Maximum Annual Impact by Scenario,other,Low-Demand,Low Demand Scenario Winter - System Peak Demand Day - Maximum ICI Impact,Hourly Energy Demand (MW),2041,-1562.0
Table 1: Industrial Conservation Initiative Maximum Annual Impact by Scenario,other,Low-Demand,Low Demand Scenario Winter - System Peak Demand Day - Maximum ICI Impact,Hourly Energy Demand (MW),2042,-1572.0
Table 1: Industrial Conservation Initiative Maximum Annual Impact by Scenario,other,Low-Demand,Low Demand Scenario Winter - System Peak Demand Day - Maximum ICI Impact,Hourly Energy Demand (MW),2043,-1574.0
Table 1: Industrial Conservation Initiative Maximum Annual Impact by Scenario,other,Low-Demand,Low Demand Scenario Winter - System Peak Demand Day - Maximum ICI Impact,Hourly Energy Demand (MW),2044,-1578.0
Table 1: Industrial Conservation Initiative Maximum Annual Impact by Scenario,other,Low-Demand,Low Demand Scenario Winter - System Peak Demand Day - Maximum ICI Impact,Hourly Energy Demand (MW),2045,-1582.0
Table 1: Industrial Conservation Initiative Maximum Annual Impact by Scenario,other,Low-Demand,Low Demand Scenario Winter - System Peak Demand Day - Maximum ICI Impact,Hourly Energy Demand (MW),2046,-1587.0
Table 1: Industrial Conservation Initiative Maximum Annual Impact by Scenario,other,Low-Demand,Low Demand Scenario Winter - System Peak Demand Day - Maximum ICI Impact,Hourly Energy Demand (MW),2047,-1590.0
Table 1: Industrial Conservation Initiative Maximum Annual Impact by Scenario,other,Low-Demand,Low Demand Scenario Winter - System Peak Demand Day - Maximum ICI Impact,Hourly Energy Demand (MW),2048,-1596.0
Table 1: Industrial Conservation Initiative Maximum Annual Impact by Scenario,other,Low-Demand,Low Demand Scenario Winter - System Peak Demand Day - Maximum ICI Impact,Hourly Energy Demand (MW),2049,-1603.0
Table 1: Industrial Conservation Initiative Maximum Annual Impact by Scenario,other,Low-Demand,Low Demand Scenario Winter - System Peak Demand Day - Maximum ICI Impact,Hourly Energy Demand (MW),2050,-1608.0
Table 2: Peak Perks - Annual Demand Savings by Scenario,other,Reference,Reference Scenario Program Peak Hour Response,Hourly Energy Demand (MW),2027,245.0
Table 2: Peak Perks - Annual Demand Savings by Scenario,other,Reference,Reference Scenario Program Peak Hour Response,Hourly Energy Demand (MW),2028,247.0
Table 2: Peak Perks - Annual Demand Savings by Scenario,other,Reference,Reference Scenario Program Peak Hour Response,Hourly Energy Demand (MW),2029,249.0
Table 2: Peak Perks - Annual Demand Savings by Scenario,other,Reference,Reference Scenario Program Peak Hour Response,Hourly Energy Demand (MW),2030,251.0
Table 2: Peak Perks - Annual Demand Savings by Scenario,other,Reference,Reference Scenario Program Peak Hour Response,Hourly Energy Demand (MW),2031,254.0
Table 2: Peak Perks - Annual Demand Savings by Scenario,other,Reference,Reference Scenario Program Peak Hour Response,Hourly Energy Demand (MW),2032,256.0
Table 2: Peak Perks - Annual Demand Savings by Scenario,other,Reference,Reference Scenario Program Peak Hour Response,Hourly Energy Demand (MW),2033,258.0
Table 2: Peak Perks - Annual Demand Savings by Scenario,other,Reference,Reference Scenario Program Peak Hour Response,Hourly Energy Demand (MW),2034,260.0
Table 2: Peak Perks - Annual Demand Savings by Scenario,other,Reference,Reference Scenario Program Peak Hour Response,Hourly Energy Demand (MW),2035,262.0
Table 2: Peak Perks - Annual Demand Savings by Scenario,other,Reference,Reference Scenario Program Peak Hour Response,Hourly Energy Demand (MW),2036,265.0
Table 2: Peak Perks - Annual Demand Savings by Scenario,other,Reference,Reference Scenario Program Peak Hour Response,Hourly Energy Demand (MW),2037,267.0
Table 2: Peak Perks - Annual Demand Savings by Scenario,other,Reference,Reference Scenario Program Peak Hour Response,Hourly Energy Demand (MW),2038,269.0
Table 2: Peak Perks - Annual Demand Savings by Scenario,other,Reference,Reference Scenario Program Peak Hour Response,Hourly Energy Demand (MW),2039,271.0
Table 2: Peak Perks - Annual Demand Savings by Scenario,other,Reference,Reference Scenario Program Peak Hour Response,Hourly Energy Demand (MW),2040,273.0
Table 2: Peak Perks - Annual Demand Savings by Scenario,other,Reference,Reference Scenario Program Peak Hour Response,Hourly Energy Demand (MW),2041,275.0
Table 2: Peak Perks - Annual Demand Savings by Scenario,other,Reference,Reference Scenario Program Peak Hour Response,Hourly Energy Demand (MW),2042,277.0
Table 2: Peak Perks - Annual Demand Savings by Scenario,other,Reference,Reference Scenario Program Peak Hour Response,Hourly Energy Demand (MW),2043,279.0
Table 2: Peak Perks - Annual Demand Savings by Scenario,other,Reference,Reference Scenario Program Peak Hour Response,Hourly Energy Demand (MW),2044,282.0
Table 2: Peak Perks - Annual Demand Savings by Scenario,other,Reference,Reference Scenario Program Peak Hour Response,Hourly Energy Demand (MW),2045,284.0
Table 2: Peak Perks - Annual Demand Savings by Scenario,other,Reference,Reference Scenario Program Peak Hour Response,Hourly Energy Demand (MW),2046,286.0
Table 2: Peak Perks - Annual Demand Savings by Scenario,other,Reference,Reference Scenario Program Peak Hour Response,Hourly Energy Demand (MW),2047,288.0
Table 2: Peak Perks - Annual Demand Savings by Scenario,other,Reference,Reference Scenario Program Peak Hour Response,Hourly Energy Demand (MW),2048,290.0
Table 2: Peak Perks - Annual Demand Savings by Scenario,other,Reference,Reference Scenario Program Peak Hour Response,Hourly Energy Demand (MW),2049,292.0
Table 2: Peak Perks - Annual Demand Savings by Scenario,other,Reference,Reference Scenario Program Peak Hour Response,Hourly Energy Demand (MW),2050,294.0
Table 2: Peak Perks - Annual Demand Savings by Scenario,other,High-Demand,High Demand Scenario Program Peak Hour Response,Hourly Energy Demand (MW),2027,245.0
Table 2: Peak Perks - Annual Demand Savings by Scenario,other,High-Demand,High Demand Scenario Program Peak Hour Response,Hourly Energy Demand (MW),2028,248.0
Table 2: Peak Perks - Annual Demand Savings by Scenario,other,High-Demand,High Demand Scenario Program Peak Hour Response,Hourly Energy Demand (MW),2029,251.0
Table 2: Peak Perks - Annual Demand Savings by Scenario,other,High-Demand,High Demand Scenario Program Peak Hour Response,Hourly Energy Demand (MW),2030,253.0
Table 2: Peak Perks - Annual Demand Savings by Scenario,other,High-Demand,High Demand Scenario Program Peak Hour Response,Hourly Energy Demand (MW),2031,256.0
Table 2: Peak Perks - Annual Demand Savings by Scenario,other,High-Demand,High Demand Scenario Program Peak Hour Response,Hourly Energy Demand (MW),2032,259.0
Table 2: Peak Perks - Annual Demand Savings by Scenario,other,High-Demand,High Demand Scenario Program Peak Hour Response,Hourly Energy Demand (MW),2033,262.0
Table 2: Peak Perks - Annual Demand Savings by Scenario,other,High-Demand,High Demand Scenario Program Peak Hour Response,Hourly Energy Demand (MW),2034,265.0
Table 2: Peak Perks - Annual Demand Savings by Scenario,other,High-Demand,High Demand Scenario Program Peak Hour Response,Hourly Energy Demand (MW),2035,268.0
Table 2: Peak Perks - Annual Demand Savings by Scenario,other,High-Demand,High Demand Scenario Program Peak Hour Response,Hourly Energy Demand (MW),2036,271.0
Table 2: Peak Perks - Annual Demand Savings by Scenario,other,High-Demand,High Demand Scenario Program Peak Hour Response,Hourly Energy Demand (MW),2037,274.0
Table 2: Peak Perks - Annual Demand Savings by Scenario,other,High-Demand,High Demand Scenario Program Peak Hour Response,Hourly Energy Demand (MW),2038,277.0
Table 2: Peak Perks - Annual Demand Savings by Scenario,other,High-Demand,High Demand Scenario Program Peak Hour Response,Hourly Energy Demand (MW),2039,280.0
Table 2: Peak Perks - Annual Demand Savings by Scenario,other,High-Demand,High Demand Scenario Program Peak Hour Response,Hourly Energy Demand (MW),2040,283.0
Table 2: Peak Perks - Annual Demand Savings by Scenario,other,High-Demand,High Demand Scenario Program Peak Hour Response,Hourly Energy Demand (MW),2041,286.0
Table 2: Peak Perks - Annual Demand Savings by Scenario,other,High-Demand,High Demand Scenario Program Peak Hour Response,Hourly Energy Demand (MW),2042,289.0
Table 2: Peak Perks - Annual Demand Savings by Scenario,other,High-Demand,High Demand Scenario Program Peak Hour Response,Hourly Energy Demand (MW),2043,292.0
Table 2: Peak Perks - Annual Demand Savings by Scenario,other,High-Demand,High Demand Scenario Program Peak Hour Response,Hourly Energy Demand (MW),2044,295.0
Table 2: Peak Perks - Annual Demand Savings by Scenario,other,High-Demand,High Demand Scenario Program Peak Hour Response,Hourly Energy Demand (MW),2045,298.0
Table 2: Peak Perks - Annual Demand Savings by Scenario,other,High-Demand,High Demand Scenario Program Peak Hour Response,Hourly Energy Demand (MW),2046,301.0
Table 2: Peak Perks - Annual Demand Savings by Scenario,other,High-Demand,High Demand Scenario Program Peak Hour Response,Hourly Energy Demand (MW),2047,304.0
Table 2: Peak Perks - Annual Demand Savings by Scenario,other,High-Demand,High Demand Scenario Program Peak Hour Response,Hourly Energy Demand (MW),2048,307.0
Table 2: Peak Perks - Annual Demand Savings by Scenario,other,High-Demand,High Demand Scenario Program Peak Hour Response,Hourly Energy Demand (MW),2049,310.0
Table 2: Peak Perks - Annual Demand Savings by Scenario,other,High-Demand,High Demand Scenario Program Peak Hour Response,Hourly Energy Demand (MW),2050,313.0
Table 2: Peak Perks - Annual Demand Savings by Scenario,other,Low-Demand,Low Demand Scenario Program Peak Hour Response,Hourly Energy Demand (MW),2027,245.0
Table 2: Peak Perks - Annual Demand Savings by Scenario,other,Low-Demand,Low Demand Scenario Program Peak Hour Response,Hourly Energy Demand (MW),2028,246.0
Table 2: Peak Perks - Annual Demand Savings by Scenario,other,Low-Demand,Low Demand Scenario Program Peak Hour Response,Hourly Energy Demand (MW),2029,248.0
Table 2: Peak Perks - Annual Demand Savings by Scenario,other,Low-Demand,Low Demand Scenario Program Peak Hour Response,Hourly Energy Demand (MW),2030,249.0
Table 2: Peak Perks - Annual Demand Savings by Scenario,other,Low-Demand,Low Demand Scenario Program Peak Hour Response,Hourly Energy Demand (MW),2031,251.0
Table 2: Peak Perks - Annual Demand Savings by Scenario,other,Low-Demand,Low Demand Scenario Program Peak Hour Response,Hourly Energy Demand (MW),2032,252.0
Table 2: Peak Perks - Annual Demand Savings by Scenario,other,Low-Demand,Low Demand Scenario Program Peak Hour Response,Hourly Energy Demand (MW),2033,254.0
Table 2: Peak Perks - Annual Demand Savings by Scenario,other,Low-Demand,Low Demand Scenario Program Peak Hour Response,Hourly Energy Demand (MW),2034,256.0
Table 2: Peak Perks - Annual Demand Savings by Scenario,other,Low-Demand,Low Demand Scenario Program Peak Hour Response,Hourly Energy Demand (MW),2035,257.0
Table 2: Peak Perks - Annual Demand Savings by Scenario,other,Low-Demand,Low Demand Scenario Program Peak Hour Response,Hourly Energy Demand (MW),2036,258.0
Table 2: Peak Perks - Annual Demand Savings by Scenario,other,Low-Demand,Low Demand Scenario Program Peak Hour Response,Hourly Energy Demand (MW),2037,260.0
Table 2: Peak Perks - Annual Demand Savings by Scenario,other,Low-Demand,Low Demand Scenario Program Peak Hour Response,Hourly Energy Demand (MW),2038,261.0
Table 2: Peak Perks - Annual Demand Savings by Scenario,other,Low-Demand,Low Demand Scenario Program Peak Hour Response,Hourly Energy Demand (MW),2039,263.0
Table 2: Peak Perks - Annual Demand Savings by Scenario,other,Low-Demand,Low Demand Scenario Program Peak Hour Response,Hourly Energy Demand (MW),2040,264.0
Table 2: Peak Perks - Annual Demand Savings by Scenario,other,Low-Demand,Low Demand Scenario Program Peak Hour Response,Hourly Energy Demand (MW),2041,265.0
Table 2: Peak Perks - Annual Demand Savings by Scenario,other,Low-Demand,Low Demand Scenario Program Peak Hour Response,Hourly Energy Demand (MW),2042,266.0
Table 2: Peak Perks - Annual Demand Savings by Scenario,other,Low-Demand,Low Demand Scenario Program Peak Hour Response,Hourly Energy Demand (MW),2043,268.0
Table 2: Peak Perks - Annual Demand Savings by Scenario,other,Low-Demand,Low Demand Scenario Program Peak Hour Response,Hourly Energy Demand (MW),2044,269.0
Table 2: Peak Perks - Annual Demand Savings by Scenario,other,Low-Demand,Low Demand Scenario Program Peak Hour Response,Hourly Energy Demand (MW),2045,270.0
Table 2: Peak Perks - Annual Demand Savings by Scenario,other,Low-Demand,Low Demand Scenario Program Peak Hour Response,Hourly Energy Demand (MW),2046,271.0
Table 2: Peak Perks - Annual Demand Savings by Scenario,other,Low-Demand,Low Demand Scenario Program Peak Hour Response,Hourly Energy Demand (MW),2047,272.0
Table 2: Peak Perks - Annual Demand Savings by Scenario,other,Low-Demand,Low Demand Scenario Program Peak Hour Response,Hourly Energy Demand (MW),2048,273.0
Table 2: Peak Perks - Annual Demand Savings by Scenario,other,Low-Demand,Low Demand Scenario Program Peak Hour Response,Hourly Energy Demand (MW),2049,274.0
Table 2: Peak Perks - Annual Demand Savings by Scenario,other,Low-Demand,Low Demand Scenario Program Peak Hour Response,Hourly Energy Demand (MW),2050,275.0
Table 3: Commercial Heating Ventilation Air Conditioning Demand Response by Scenario,other,Reference,Reference Scenario Program Peak Hour Response,Hourly Energy Demand (MW),2027,245.0
Table 3: Commercial Heating Ventilation Air Conditioning Demand Response by Scenario,other,Reference,Reference Scenario Program Peak Hour Response,Hourly Energy Demand (MW),2028,246.0
Table 3: Commercial Heating Ventilation Air Conditioning Demand Response by Scenario,other,Reference,Reference Scenario Program Peak Hour Response,Hourly Energy Demand (MW),2029,247.0
Table 3: Commercial Heating Ventilation Air Conditioning Demand Response by Scenario,other,Reference,Reference Scenario Program Peak Hour Response,Hourly Energy Demand (MW),2030,248.0
Table 3: Commercial Heating Ventilation Air Conditioning Demand Response by Scenario,other,Reference,Reference Scenario Program Peak Hour Response,Hourly Energy Demand (MW),2031,250.0
Table 3: Commercial Heating Ventilation Air Conditioning Demand Response by Scenario,other,Reference,Reference Scenario Program Peak Hour Response,Hourly Energy Demand (MW),2032,250.0
Table 3: Commercial Heating Ventilation Air Conditioning Demand Response by Scenario,other,Reference,Reference Scenario Program Peak Hour Response,Hourly Energy Demand (MW),2033,251.0
Table 3: Commercial Heating Ventilation Air Conditioning Demand Response by Scenario,other,Reference,Reference Scenario Program Peak Hour Response,Hourly Energy Demand (MW),2034,252.0
Table 3: Commercial Heating Ventilation Air Conditioning Demand Response by Scenario,other,Reference,Reference Scenario Program Peak Hour Response,Hourly Energy Demand (MW),2035,252.0
Table 3: Commercial Heating Ventilation Air Conditioning Demand Response by Scenario,other,Reference,Reference Scenario Program Peak Hour Response,Hourly Energy Demand (MW),2036,253.0
Table 3: Commercial Heating Ventilation Air Conditioning Demand Response by Scenario,other,Reference,Reference Scenario Program Peak Hour Response,Hourly Energy Demand (MW),2037,254.0
Table 3: Commercial Heating Ventilation Air Conditioning Demand Response by Scenario,other,Reference,Reference Scenario Program Peak Hour Response,Hourly Energy Demand (MW),2038,255.0
Table 3: Commercial Heating Ventilation Air Conditioning Demand Response by Scenario,other,Reference,Reference Scenario Program Peak Hour Response,Hourly Energy Demand (MW),2039,256.0
Table 3: Commercial Heating Ventilation Air Conditioning Demand Response by Scenario,other,Reference,Reference Scenario Program Peak Hour Response,Hourly Energy Demand (MW),2040,257.0
Table 3: Commercial Heating Ventilation Air Conditioning Demand Response by Scenario,other,Reference,Reference Scenario Program Peak Hour Response,Hourly Energy Demand (MW),2041,258.0
Table 3: Commercial Heating Ventilation Air Conditioning Demand Response by Scenario,other,Reference,Reference Scenario Program Peak Hour Response,Hourly Energy Demand (MW),2042,259.0
Table 3: Commercial Heating Ventilation Air Conditioning Demand Response by Scenario,other,Reference,Reference Scenario Program Peak Hour Response,Hourly Energy Demand (MW),2043,260.0
Table 3: Commercial Heating Ventilation Air Conditioning Demand Response by Scenario,other,Reference,Reference Scenario Program Peak Hour Response,Hourly Energy Demand (MW),2044,261.0
Table 3: Commercial Heating Ventilation Air Conditioning Demand Response by Scenario,other,Reference,Reference Scenario Program Peak Hour Response,Hourly Energy Demand (MW),2045,262.0
Table 3: Commercial Heating Ventilation Air Conditioning Demand Response by Scenario,other,Reference,Reference Scenario Program Peak Hour Response,Hourly Energy Demand (MW),2046,263.0
Table 3: Commercial Heating Ventilation Air Conditioning Demand Response by Scenario,other,Reference,Reference Scenario Program Peak Hour Response,Hourly Energy Demand (MW),2047,264.0
Table 3: Commercial Heating Ventilation Air Conditioning Demand Response by Scenario,other,Reference,Reference Scenario Program Peak Hour Response,Hourly Energy Demand (MW),2048,265.0
Table 3: Commercial Heating Ventilation Air Conditioning Demand Response by Scenario,other,Reference,Reference Scenario Program Peak Hour Response,Hourly Energy Demand (MW),2049,266.0
Table 3: Commercial Heating Ventilation Air Conditioning Demand Response by Scenario,other,Reference,Reference Scenario Program Peak Hour Response,Hourly Energy Demand (MW),2050,268.0
Table 3: Commercial Heating Ventilation Air Conditioning Demand Response by Scenario,other,High-Demand,High Demand Scenario Program Peak Hour Response,Hourly Energy Demand (MW),2027,245.0
Table 3: Commercial Heating Ventilation Air Conditioning Demand Response by Scenario,other,High-Demand,High Demand Scenario Program Peak Hour Response,Hourly Energy Demand (MW),2028,247.0
Table 3: Commercial Heating Ventilation Air Conditioning Demand Response by Scenario,other,High-Demand,High Demand Scenario Program Peak Hour Response,Hourly Energy Demand (MW),2029,249.0
Table 3: Commercial Heating Ventilation Air Conditioning Demand Response by Scenario,other,High-Demand,High Demand Scenario Program Peak Hour Response,Hourly Energy Demand (MW),2030,252.0
Table 3: Commercial Heating Ventilation Air Conditioning Demand Response by Scenario,other,High-Demand,High Demand Scenario Program Peak Hour Response,Hourly Energy Demand (MW),2031,254.0
Table 3: Commercial Heating Ventilation Air Conditioning Demand Response by Scenario,other,High-Demand,High Demand Scenario Program Peak Hour Response,Hourly Energy Demand (MW),2032,255.0
Table 3: Commercial Heating Ventilation Air Conditioning Demand Response by Scenario,other,High-Demand,High Demand Scenario Program Peak Hour Response,Hourly Energy Demand (MW),2033,256.0
Table 3: Commercial Heating Ventilation Air Conditioning Demand Response by Scenario,other,High-Demand,High Demand Scenario Program Peak Hour Response,Hourly Energy Demand (MW),2034,257.0
Table 3: Commercial Heating Ventilation Air Conditioning Demand Response by Scenario,other,High-Demand,High Demand Scenario Program Peak Hour Response,Hourly Energy Demand (MW),2035,258.0
Table 3: Commercial Heating Ventilation Air Conditioning Demand Response by Scenario,other,High-Demand,High Demand Scenario Program Peak Hour Response,Hourly Energy Demand (MW),2036,259.0
Table 3: Commercial Heating Ventilation Air Conditioning Demand Response by Scenario,other,High-Demand,High Demand Scenario Program Peak Hour Response,Hourly Energy Demand (MW),2037,260.0
Table 3: Commercial Heating Ventilation Air Conditioning Demand Response by Scenario,other,High-Demand,High Demand Scenario Program Peak Hour Response,Hourly Energy Demand (MW),2038,261.0
Table 3: Commercial Heating Ventilation Air Conditioning Demand Response by Scenario,other,High-Demand,High Demand Scenario Program Peak Hour Response,Hourly Energy Demand (MW),2039,263.0
Table 3: Commercial Heating Ventilation Air Conditioning Demand Response by Scenario,other,High-Demand,High Demand Scenario Program Peak Hour Response,Hourly Energy Demand (MW),2040,264.0
Table 3: Commercial Heating Ventilation Air Conditioning Demand Response by Scenario,other,High-Demand,High Demand Scenario Program Peak Hour Response,Hourly Energy Demand (MW),2041,265.0
Table 3: Commercial Heating Ventilation Air Conditioning Demand Response by Scenario,other,High-Demand,High Demand Scenario Program Peak Hour Response,Hourly Energy Demand (MW),2042,267.0
Table 3: Commercial Heating Ventilation Air Conditioning Demand Response by Scenario,other,High-Demand,High Demand Scenario Program Peak Hour Response,Hourly Energy Demand (MW),2043,268.0
Table 3: Commercial Heating Ventilation Air Conditioning Demand Response by Scenario,other,High-Demand,High Demand Scenario Program Peak Hour Response,Hourly Energy Demand (MW),2044,269.0
Table 3: Commercial Heating Ventilation Air Conditioning Demand Response by Scenario,other,High-Demand,High Demand Scenario Program Peak Hour Response,Hourly Energy Demand (MW),2045,271.0
Table 3: Commercial Heating Ventilation Air Conditioning Demand Response by Scenario,other,High-Demand,High Demand Scenario Program Peak Hour Response,Hourly Energy Demand (MW),2046,272.0
Table 3: Commercial Heating Ventilation Air Conditioning Demand Response by Scenario,other,High-Demand,High Demand Scenario Program Peak Hour Response,Hourly Energy Demand (MW),2047,274.0
Table 3: Commercial Heating Ventilation Air Conditioning Demand Response by Scenario,other,High-Demand,High Demand Scenario Program Peak Hour Response,Hourly Energy Demand (MW),2048,276.0
Table 3: Commercial Heating Ventilation Air Conditioning Demand Response by Scenario,other,High-Demand,High Demand Scenario Program Peak Hour Response,Hourly Energy Demand (MW),2049,278.0
Table 3: Commercial Heating Ventilation Air Conditioning Demand Response by Scenario,other,High-Demand,High Demand Scenario Program Peak Hour Response,Hourly Energy Demand (MW),2050,280.0
Table 3: Commercial Heating Ventilation Air Conditioning Demand Response by Scenario,other,Low-Demand,Low Demand Scenario Program Peak Hour Response,Hourly Energy Demand (MW),2027,245.0
Table 3: Commercial Heating Ventilation Air Conditioning Demand Response by Scenario,other,Low-Demand,Low Demand Scenario Program Peak Hour Response,Hourly Energy Demand (MW),2028,245.0
Table 3: Commercial Heating Ventilation Air Conditioning Demand Response by Scenario,other,Low-Demand,Low Demand Scenario Program Peak Hour Response,Hourly Energy Demand (MW),2029,246.0
Table 3: Commercial Heating Ventilation Air Conditioning Demand Response by Scenario,other,Low-Demand,Low Demand Scenario Program Peak Hour Response,Hourly Energy Demand (MW),2030,247.0
Table 3: Commercial Heating Ventilation Air Conditioning Demand Response by Scenario,other,Low-Demand,Low Demand Scenario Program Peak Hour Response,Hourly Energy Demand (MW),2031,248.0
Table 3: Commercial Heating Ventilation Air Conditioning Demand Response by Scenario,other,Low-Demand,Low Demand Scenario Program Peak Hour Response,Hourly Energy Demand (MW),2032,249.0
Table 3: Commercial Heating Ventilation Air Conditioning Demand Response by Scenario,other,Low-Demand,Low Demand Scenario Program Peak Hour Response,Hourly Energy Demand (MW),2033,249.0
Table 3: Commercial Heating Ventilation Air Conditioning Demand Response by Scenario,other,Low-Demand,Low Demand Scenario Program Peak Hour Response,Hourly Energy Demand (MW),2034,249.0
Table 3: Commercial Heating Ventilation Air Conditioning Demand Response by Scenario,other,Low-Demand,Low Demand Scenario Program Peak Hour Response,Hourly Energy Demand (MW),2035,250.0
Table 3: Commercial Heating Ventilation Air Conditioning Demand Response by Scenario,other,Low-Demand,Low Demand Scenario Program Peak Hour Response,Hourly Energy Demand (MW),2036,250.0
Table 3: Commercial Heating Ventilation Air Conditioning Demand Response by Scenario,other,Low-Demand,Low Demand Scenario Program Peak Hour Response,Hourly Energy Demand (MW),2037,251.0
Table 3: Commercial Heating Ventilation Air Conditioning Demand Response by Scenario,other,Low-Demand,Low Demand Scenario Program Peak Hour Response,Hourly Energy Demand (MW),2038,251.0
Table 3: Commercial Heating Ventilation Air Conditioning Demand Response by Scenario,other,Low-Demand,Low Demand Scenario Program Peak Hour Response,Hourly Energy Demand (MW),2039,252.0
Table 3: Commercial Heating Ventilation Air Conditioning Demand Response by Scenario,other,Low-Demand,Low Demand Scenario Program Peak Hour Response,Hourly Energy Demand (MW),2040,252.0
Table 3: Commercial Heating Ventilation Air Conditioning Demand Response by Scenario,other,Low-Demand,Low Demand Scenario Program Peak Hour Response,Hourly Energy Demand (MW),2041,252.0
Table 3: Commercial Heating Ventilation Air Conditioning Demand Response by Scenario,other,Low-Demand,Low Demand Scenario Program Peak Hour Response,Hourly Energy Demand (MW),2042,253.0
Table 3: Commercial Heating Ventilation Air Conditioning Demand Response by Scenario,other,Low-Demand,Low Demand Scenario Program Peak Hour Response,Hourly Energy Demand (MW),2043,254.0
Table 3: Commercial Heating Ventilation Air Conditioning Demand Response by Scenario,other,Low-Demand,Low Demand Scenario Program Peak Hour Response,Hourly Energy Demand (MW),2044,254.0
Table 3: Commercial Heating Ventilation Air Conditioning Demand Response by Scenario,other,Low-Demand,Low Demand Scenario Program Peak Hour Response,Hourly Energy Demand (MW),2045,255.0
Table 3: Commercial Heating Ventilation Air Conditioning Demand Response by Scenario,other,Low-Demand,Low Demand Scenario Program Peak Hour Response,Hourly Energy Demand (MW),2046,255.0
Table 3: Commercial Heating Ventilation Air Conditioning Demand Response by Scenario,other,Low-Demand,Low Demand Scenario Program Peak Hour Response,Hourly Energy Demand (MW),2047,256.0
Table 3: Commercial Heating Ventilation Air Conditioning Demand Response by Scenario,other,Low-Demand,Low Demand Scenario Program Peak Hour Response,Hourly Energy Demand (MW),2048,256.0
Table 3: Commercial Heating Ventilation Air Conditioning Demand Response by Scenario,other,Low-Demand,Low Demand Scenario Program Peak Hour Response,Hourly Energy Demand (MW),2049,257.0
Table 3: Commercial Heating Ventilation Air Conditioning Demand Response by Scenario,other,Low-Demand,Low Demand Scenario Program Peak Hour Response,Hourly Energy Demand (MW),2050,257.0
"Table 4: eDSM - Forecast - Annual Energy Demand Savings, By Type and Scenario",other,Reference,Reference Scenario Forecast Programs (Energy Efficiency Initiatives),Net Annual Energy Demand (TWh),2027,19.97
"Table 4: eDSM - Forecast - Annual Energy Demand Savings, By Type and Scenario",other,Reference,Reference Scenario Forecast Programs (Energy Efficiency Initiatives),Net Annual Energy Demand (TWh),2028,20.74
"Table 4: eDSM - Forecast - Annual Energy Demand Savings, By Type and Scenario",other,Reference,Reference Scenario Forecast Programs (Energy Efficiency Initiatives),Net Annual Energy Demand (TWh),2029,21.0
"Table 4: eDSM - Forecast - Annual Energy Demand Savings, By Type and Scenario",other,Reference,Reference Scenario Forecast Programs (Energy Efficiency Initiatives),Net Annual Energy Demand (TWh),2030,21.27
"Table 4: eDSM - Forecast - Annual Energy Demand Savings, By Type and Scenario",other,Reference,Reference Scenario Forecast Programs (Energy Efficiency Initiatives),Net Annual Energy Demand (TWh),2031,21.21
"Table 4: eDSM - Forecast - Annual Energy Demand Savings, By Type and Scenario",other,Reference,Reference Scenario Forecast Programs (Energy Efficiency Initiatives),Net Annual Energy Demand (TWh),2032,21.0
"Table 4: eDSM - Forecast - Annual Energy Demand Savings, By Type and Scenario",other,Reference,Reference Scenario Forecast Programs (Energy Efficiency Initiatives),Net Annual Energy Demand (TWh),2033,20.66
"Table 4: eDSM - Forecast - Annual Energy Demand Savings, By Type and Scenario",other,Reference,Reference Scenario Forecast Programs (Energy Efficiency Initiatives),Net Annual Energy Demand (TWh),2034,20.86
"Table 4: eDSM - Forecast - Annual Energy Demand Savings, By Type and Scenario",other,Reference,Reference Scenario Forecast Programs (Energy Efficiency Initiatives),Net Annual Energy Demand (TWh),2035,21.15
"Table 4: eDSM - Forecast - Annual Energy Demand Savings, By Type and Scenario",other,Reference,Reference Scenario Forecast Programs (Energy Efficiency Initiatives),Net Annual Energy Demand (TWh),2036,21.79
"Table 4: eDSM - Forecast - Annual Energy Demand Savings, By Type and Scenario",other,Reference,Reference Scenario Forecast Programs (Energy Efficiency Initiatives),Net Annual Energy Demand (TWh),2037,22.64
"Table 4: eDSM - Forecast - Annual Energy Demand Savings, By Type and Scenario",other,Reference,Reference Scenario Forecast Programs (Energy Efficiency Initiatives),Net Annual Energy Demand (TWh),2038,23.04
"Table 4: eDSM - Forecast - Annual Energy Demand Savings, By Type and Scenario",other,Reference,Reference Scenario Forecast Programs (Energy Efficiency Initiatives),Net Annual Energy Demand (TWh),2039,23.95
"Table 4: eDSM - Forecast - Annual Energy Demand Savings, By Type and Scenario",other,Reference,Reference Scenario Forecast Programs (Energy Efficiency Initiatives),Net Annual Energy Demand (TWh),2040,23.78
"Table 4: eDSM - Forecast - Annual Energy Demand Savings, By Type and Scenario",other,Reference,Reference Scenario Forecast Programs (Energy Efficiency Initiatives),Net Annual Energy Demand (TWh),2041,23.44
"Table 4: eDSM - Forecast - Annual Energy Demand Savings, By Type and Scenario",other,Reference,Reference Scenario Forecast Programs (Energy Efficiency Initiatives),Net Annual Energy Demand (TWh),2042,23.55
"Table 4: eDSM - Forecast - Annual Energy Demand Savings, By Type and Scenario",other,Reference,Reference Scenario Forecast Programs (Energy Efficiency Initiatives),Net Annual Energy Demand (TWh),2043,23.61
"Table 4: eDSM - Forecast - Annual Energy Demand Savings, By Type and Scenario",other,Reference,Reference Scenario Forecast Programs (Energy Efficiency Initiatives),Net Annual Energy Demand (TWh),2044,23.43
"Table 4: eDSM - Forecast - Annual Energy Demand Savings, By Type and Scenario",other,Reference,Reference Scenario Forecast Programs (Energy Efficiency Initiatives),Net Annual Energy Demand (TWh),2045,23.32
"Table 4: eDSM - Forecast - Annual Energy Demand Savings, By Type and Scenario",other,Reference,Reference Scenario Forecast Programs (Energy Efficiency Initiatives),Net Annual Energy Demand (TWh),2046,23.01
"Table 4: eDSM - Forecast - Annual Energy Demand Savings, By Type and Scenario",other,Reference,Reference Scenario Forecast Programs (Energy Efficiency Initiatives),Net Annual Energy Demand (TWh),2047,22.68
"Table 4: eDSM - Forecast - Annual Energy Demand Savings, By Type and Scenario",other,Reference,Reference Scenario Forecast Programs (Energy Efficiency Initiatives),Net Annual Energy Demand (TWh),2048,22.78
"Table 4: eDSM - Forecast - Annual Energy Demand Savings, By Type and Scenario",other,Reference,Reference Scenario Forecast Programs (Energy Efficiency Initiatives),Net Annual Energy Demand (TWh),2049,22.96
"Table 4: eDSM - Forecast - Annual Energy Demand Savings, By Type and Scenario",other,Reference,Reference Scenario Forecast Programs (Energy Efficiency Initiatives),Net Annual Energy Demand (TWh),2050,23.14
"Table 4: eDSM - Forecast - Annual Energy Demand Savings, By Type and Scenario",other,Reference,Reference Scenario Forecast Regulations (Building Codes & Equipment Standards),Net Annual Energy Demand (TWh),2027,11.46
"Table 4: eDSM - Forecast - Annual Energy Demand Savings, By Type and Scenario",other,Reference,Reference Scenario Forecast Regulations (Building Codes & Equipment Standards),Net Annual Energy Demand (TWh),2028,11.93
"Table 4: eDSM - Forecast - Annual Energy Demand Savings, By Type and Scenario",other,Reference,Reference Scenario Forecast Regulations (Building Codes & Equipment Standards),Net Annual Energy Demand (TWh),2029,12.77
"Table 4: eDSM - Forecast - Annual Energy Demand Savings, By Type and Scenario",other,Reference,Reference Scenario Forecast Regulations (Building Codes & Equipment Standards),Net Annual Energy Demand (TWh),2030,13.52
"Table 4: eDSM - Forecast - Annual Energy Demand Savings, By Type and Scenario",other,Reference,Reference Scenario Forecast Regulations (Building Codes & Equipment Standards),Net Annual Energy Demand (TWh),2031,14.22
"Table 4: eDSM - Forecast - Annual Energy Demand Savings, By Type and Scenario",other,Reference,Reference Scenario Forecast Regulations (Building Codes & Equipment Standards),Net Annual Energy Demand (TWh),2032,14.84
"Table 4: eDSM - Forecast - Annual Energy Demand Savings, By Type and Scenario",other,Reference,Reference Scenario Forecast Regulations (Building Codes & Equipment Standards),Net Annual Energy Demand (TWh),2033,15.29
"Table 4: eDSM - Forecast - Annual Energy Demand Savings, By Type and Scenario",other,Reference,Reference Scenario Forecast Regulations (Building Codes & Equipment Standards),Net Annual Energy Demand (TWh),2034,15.65
"Table 4: eDSM - Forecast - Annual Energy Demand Savings, By Type and Scenario",other,Reference,Reference Scenario Forecast Regulations (Building Codes & Equipment Standards),Net Annual Energy Demand (TWh),2035,15.92
"Table 4: eDSM - Forecast - Annual Energy Demand Savings, By Type and Scenario",other,Reference,Reference Scenario Forecast Regulations (Building Codes & Equipment Standards),Net Annual Energy Demand (TWh),2036,16.01
"Table 4: eDSM - Forecast - Annual Energy Demand Savings, By Type and Scenario",other,Reference,Reference Scenario Forecast Regulations (Building Codes & Equipment Standards),Net Annual Energy Demand (TWh),2037,16.13
"Table 4: eDSM - Forecast - Annual Energy Demand Savings, By Type and Scenario",other,Reference,Reference Scenario Forecast Regulations (Building Codes & Equipment Standards),Net Annual Energy Demand (TWh),2038,16.15
"Table 4: eDSM - Forecast - Annual Energy Demand Savings, By Type and Scenario",other,Reference,Reference Scenario Forecast Regulations (Building Codes & Equipment Standards),Net Annual Energy Demand (TWh),2039,16.24
"Table 4: eDSM - Forecast - Annual Energy Demand Savings, By Type and Scenario",other,Reference,Reference Scenario Forecast Regulations (Building Codes & Equipment Standards),Net Annual Energy Demand (TWh),2040,16.31
"Table 4: eDSM - Forecast - Annual Energy Demand Savings, By Type and Scenario",other,Reference,Reference Scenario Forecast Regulations (Building Codes & Equipment Standards),Net Annual Energy Demand (TWh),2041,16.37
"Table 4: eDSM - Forecast - Annual Energy Demand Savings, By Type and Scenario",other,Reference,Reference Scenario Forecast Regulations (Building Codes & Equipment Standards),Net Annual Energy Demand (TWh),2042,16.47
"Table 4: eDSM - Forecast - Annual Energy Demand Savings, By Type and Scenario",other,Reference,Reference Scenario Forecast Regulations (Building Codes & Equipment Standards),Net Annual Energy Demand (TWh),2043,16.58
"Table 4: eDSM - Forecast - Annual Energy Demand Savings, By Type and Scenario",other,Reference,Reference Scenario Forecast Regulations (Building Codes & Equipment Standards),Net Annual Energy Demand (TWh),2044,16.67
"Table 4: eDSM - Forecast - Annual Energy Demand Savings, By Type and Scenario",other,Reference,Reference Scenario Forecast Regulations (Building Codes & Equipment Standards),Net Annual Energy Demand (TWh),2045,16.78
"Table 4: eDSM - Forecast - Annual Energy Demand Savings, By Type and Scenario",other,Reference,Reference Scenario Forecast Regulations (Building Codes & Equipment Standards),Net Annual Energy Demand (TWh),2046,16.86
"Table 4: eDSM - Forecast - Annual Energy Demand Savings, By Type and Scenario",other,Reference,Reference Scenario Forecast Regulations (Building Codes & Equipment Standards),Net Annual Energy Demand (TWh),2047,16.91
"Table 4: eDSM - Forecast - Annual Energy Demand Savings, By Type and Scenario",other,Reference,Reference Scenario Forecast Regulations (Building Codes & Equipment Standards),Net Annual Energy Demand (TWh),2048,17.04
"Table 4: eDSM - Forecast - Annual Energy Demand Savings, By Type and Scenario",other,Reference,Reference Scenario Forecast Regulations (Building Codes & Equipment Standards),Net Annual Energy Demand (TWh),2049,17.15
"Table 4: eDSM - Forecast - Annual Energy Demand Savings, By Type and Scenario",other,Reference,Reference Scenario Forecast Regulations (Building Codes & Equipment Standards),Net Annual Energy Demand (TWh),2050,17.28
"Table 4: eDSM - Forecast - Annual Energy Demand Savings, By Type and Scenario",other,High-Demand,High-Demand Scenario Forecast Programs (Energy Efficiency Initiatives),Net Annual Energy Demand (TWh),2027,19.97
"Table 4: eDSM - Forecast - Annual Energy Demand Savings, By Type and Scenario",other,High-Demand,High-Demand Scenario Forecast Programs (Energy Efficiency Initiatives),Net Annual Energy Demand (TWh),2028,20.8
"Table 4: eDSM - Forecast - Annual Energy Demand Savings, By Type and Scenario",other,High-Demand,High-Demand Scenario Forecast Programs (Energy Efficiency Initiatives),Net Annual Energy Demand (TWh),2029,21.15
"Table 4: eDSM - Forecast - Annual Energy Demand Savings, By Type and Scenario",other,High-Demand,High-Demand Scenario Forecast Programs (Energy Efficiency Initiatives),Net Annual Energy Demand (TWh),2030,21.51
"Table 4: eDSM - Forecast - Annual Energy Demand Savings, By Type and Scenario",other,High-Demand,High-Demand Scenario Forecast Programs (Energy Efficiency Initiatives),Net Annual Energy Demand (TWh),2031,21.55
"Table 4: eDSM - Forecast - Annual Energy Demand Savings, By Type and Scenario",other,High-Demand,High-Demand Scenario Forecast Programs (Energy Efficiency Initiatives),Net Annual Energy Demand (TWh),2032,21.45
"Table 4: eDSM - Forecast - Annual Energy Demand Savings, By Type and Scenario",other,High-Demand,High-Demand Scenario Forecast Programs (Energy Efficiency Initiatives),Net Annual Energy Demand (TWh),2033,21.24
"Table 4: eDSM - Forecast - Annual Energy Demand Savings, By Type and Scenario",other,High-Demand,High-Demand Scenario Forecast Programs (Energy Efficiency Initiatives),Net Annual Energy Demand (TWh),2034,21.58
"Table 4: eDSM - Forecast - Annual Energy Demand Savings, By Type and Scenario",other,High-Demand,High-Demand Scenario Forecast Programs (Energy Efficiency Initiatives),Net Annual Energy Demand (TWh),2035,22.02
"Table 4: eDSM - Forecast - Annual Energy Demand Savings, By Type and Scenario",other,High-Demand,High-Demand Scenario Forecast Programs (Energy Efficiency Initiatives),Net Annual Energy Demand (TWh),2036,22.83
"Table 4: eDSM - Forecast - Annual Energy Demand Savings, By Type and Scenario",other,High-Demand,High-Demand Scenario Forecast Programs (Energy Efficiency Initiatives),Net Annual Energy Demand (TWh),2037,23.86
"Table 4: eDSM - Forecast - Annual Energy Demand Savings, By Type and Scenario",other,High-Demand,High-Demand Scenario Forecast Programs (Energy Efficiency Initiatives),Net Annual Energy Demand (TWh),2038,24.44
"Table 4: eDSM - Forecast - Annual Energy Demand Savings, By Type and Scenario",other,High-Demand,High-Demand Scenario Forecast Programs (Energy Efficiency Initiatives),Net Annual Energy Demand (TWh),2039,25.52
"Table 4: eDSM - Forecast - Annual Energy Demand Savings, By Type and Scenario",other,High-Demand,High-Demand Scenario Forecast Programs (Energy Efficiency Initiatives),Net Annual Energy Demand (TWh),2040,25.5
"Table 4: eDSM - Forecast - Annual Energy Demand Savings, By Type and Scenario",other,High-Demand,High-Demand Scenario Forecast Programs (Energy Efficiency Initiatives),Net Annual Energy Demand (TWh),2041,25.32
"Table 4: eDSM - Forecast - Annual Energy Demand Savings, By Type and Scenario",other,High-Demand,High-Demand Scenario Forecast Programs (Energy Efficiency Initiatives),Net Annual Energy Demand (TWh),2042,25.62
"Table 4: eDSM - Forecast - Annual Energy Demand Savings, By Type and Scenario",other,High-Demand,High-Demand Scenario Forecast Programs (Energy Efficiency Initiatives),Net Annual Energy Demand (TWh),2043,25.87
"Table 4: eDSM - Forecast - Annual Energy Demand Savings, By Type and Scenario",other,High-Demand,High-Demand Scenario Forecast Programs (Energy Efficiency Initiatives),Net Annual Energy Demand (TWh),2044,25.87
"Table 4: eDSM - Forecast - Annual Energy Demand Savings, By Type and Scenario",other,High-Demand,High-Demand Scenario Forecast Programs (Energy Efficiency Initiatives),Net Annual Energy Demand (TWh),2045,25.94
"Table 4: eDSM - Forecast - Annual Energy Demand Savings, By Type and Scenario",other,High-Demand,High-Demand Scenario Forecast Programs (Energy Efficiency Initiatives),Net Annual Energy Demand (TWh),2046,25.82
"Table 4: eDSM - Forecast - Annual Energy Demand Savings, By Type and Scenario",other,High-Demand,High-Demand Scenario Forecast Programs (Energy Efficiency Initiatives),Net Annual Energy Demand (TWh),2047,25.68
"Table 4: eDSM - Forecast - Annual Energy Demand Savings, By Type and Scenario",other,High-Demand,High-Demand Scenario Forecast Programs (Energy Efficiency Initiatives),Net Annual Energy Demand (TWh),2048,25.97
"Table 4: eDSM - Forecast - Annual Energy Demand Savings, By Type and Scenario",other,High-Demand,High-Demand Scenario Forecast Programs (Energy Efficiency Initiatives),Net Annual Energy Demand (TWh),2049,26.33
"Table 4: eDSM - Forecast - Annual Energy Demand Savings, By Type and Scenario",other,High-Demand,High-Demand Scenario Forecast Programs (Energy Efficiency Initiatives),Net Annual Energy Demand (TWh),2050,26.71
"Table 4: eDSM - Forecast - Annual Energy Demand Savings, By Type and Scenario",other,High-Demand,High-Demand Scenario Forecast Regulations (Building Codes & Equipment Standards),Net Annual Energy Demand (TWh),2027,11.73
"Table 4: eDSM - Forecast - Annual Energy Demand Savings, By Type and Scenario",other,High-Demand,High-Demand Scenario Forecast Regulations (Building Codes & Equipment Standards),Net Annual Energy Demand (TWh),2028,12.32
"Table 4: eDSM - Forecast - Annual Energy Demand Savings, By Type and Scenario",other,High-Demand,High-Demand Scenario Forecast Regulations (Building Codes & Equipment Standards),Net Annual Energy Demand (TWh),2029,13.28
"Table 4: eDSM - Forecast - Annual Energy Demand Savings, By Type and Scenario",other,High-Demand,High-Demand Scenario Forecast Regulations (Building Codes & Equipment Standards),Net Annual Energy Demand (TWh),2030,14.13
"Table 4: eDSM - Forecast - Annual Energy Demand Savings, By Type and Scenario",other,High-Demand,High-Demand Scenario Forecast Regulations (Building Codes & Equipment Standards),Net Annual Energy Demand (TWh),2031,14.93
"Table 4: eDSM - Forecast - Annual Energy Demand Savings, By Type and Scenario",other,High-Demand,High-Demand Scenario Forecast Regulations (Building Codes & Equipment Standards),Net Annual Energy Demand (TWh),2032,15.64
"Table 4: eDSM - Forecast - Annual Energy Demand Savings, By Type and Scenario",other,High-Demand,High-Demand Scenario Forecast Regulations (Building Codes & Equipment Standards),Net Annual Energy Demand (TWh),2033,16.17
"Table 4: eDSM - Forecast - Annual Energy Demand Savings, By Type and Scenario",other,High-Demand,High-Demand Scenario Forecast Regulations (Building Codes & Equipment Standards),Net Annual Energy Demand (TWh),2034,16.62
"Table 4: eDSM - Forecast - Annual Energy Demand Savings, By Type and Scenario",other,High-Demand,High-Demand Scenario Forecast Regulations (Building Codes & Equipment Standards),Net Annual Energy Demand (TWh),2035,16.96
"Table 4: eDSM - Forecast - Annual Energy Demand Savings, By Type and Scenario",other,High-Demand,High-Demand Scenario Forecast Regulations (Building Codes & Equipment Standards),Net Annual Energy Demand (TWh),2036,17.12
"Table 4: eDSM - Forecast - Annual Energy Demand Savings, By Type and Scenario",other,High-Demand,High-Demand Scenario Forecast Regulations (Building Codes & Equipment Standards),Net Annual Energy Demand (TWh),2037,17.31
"Table 4: eDSM - Forecast - Annual Energy Demand Savings, By Type and Scenario",other,High-Demand,High-Demand Scenario Forecast Regulations (Building Codes & Equipment Standards),Net Annual Energy Demand (TWh),2038,17.4
"Table 4: eDSM - Forecast - Annual Energy Demand Savings, By Type and Scenario",other,High-Demand,High-Demand Scenario Forecast Regulations (Building Codes & Equipment Standards),Net Annual Energy Demand (TWh),2039,17.56
"Table 4: eDSM - Forecast - Annual Energy Demand Savings, By Type and Scenario",other,High-Demand,High-Demand Scenario Forecast Regulations (Building Codes & Equipment Standards),Net Annual Energy Demand (TWh),2040,17.74
"Table 4: eDSM - Forecast - Annual Energy Demand Savings, By Type and Scenario",other,High-Demand,High-Demand Scenario Forecast Regulations (Building Codes & Equipment Standards),Net Annual Energy Demand (TWh),2041,17.92
"Table 4: eDSM - Forecast - Annual Energy Demand Savings, By Type and Scenario",other,High-Demand,High-Demand Scenario Forecast Regulations (Building Codes & Equipment Standards),Net Annual Energy Demand (TWh),2042,18.14
"Table 4: eDSM - Forecast - Annual Energy Demand Savings, By Type and Scenario",other,High-Demand,High-Demand Scenario Forecast Regulations (Building Codes & Equipment Standards),Net Annual Energy Demand (TWh),2043,18.38
"Table 4: eDSM - Forecast - Annual Energy Demand Savings, By Type and Scenario",other,High-Demand,High-Demand Scenario Forecast Regulations (Building Codes & Equipment Standards),Net Annual Energy Demand (TWh),2044,18.59
"Table 4: eDSM - Forecast - Annual Energy Demand Savings, By Type and Scenario",other,High-Demand,High-Demand Scenario Forecast Regulations (Building Codes & Equipment Standards),Net Annual Energy Demand (TWh),2045,18.83
"Table 4: eDSM - Forecast - Annual Energy Demand Savings, By Type and Scenario",other,High-Demand,High-Demand Scenario Forecast Regulations (Building Codes & Equipment Standards),Net Annual Energy Demand (TWh),2046,19.04
"Table 4: eDSM - Forecast - Annual Energy Demand Savings, By Type and Scenario",other,High-Demand,High-Demand Scenario Forecast Regulations (Building Codes & Equipment Standards),Net Annual Energy Demand (TWh),2047,19.22
"Table 4: eDSM - Forecast - Annual Energy Demand Savings, By Type and Scenario",other,High-Demand,High-Demand Scenario Forecast Regulations (Building Codes & Equipment Standards),Net Annual Energy Demand (TWh),2048,19.48
"Table 4: eDSM - Forecast - Annual Energy Demand Savings, By Type and Scenario",other,High-Demand,High-Demand Scenario Forecast Regulations (Building Codes & Equipment Standards),Net Annual Energy Demand (TWh),2049,19.73
"Table 4: eDSM - Forecast - Annual Energy Demand Savings, By Type and Scenario",other,High-Demand,High-Demand Scenario Forecast Regulations (Building Codes & Equipment Standards),Net Annual Energy Demand (TWh),2050,20.0
"Table 4: eDSM - Forecast - Annual Energy Demand Savings, By Type and Scenario",other,Low-Demand,Low-Demand Scenario Forecast Programs (Energy Efficiency Initiatives),Net Annual Energy Demand (TWh),2027,19.97
"Table 4: eDSM - Forecast - Annual Energy Demand Savings, By Type and Scenario",other,Low-Demand,Low-Demand Scenario Forecast Programs (Energy Efficiency Initiatives),Net Annual Energy Demand (TWh),2028,20.53
"Table 4: eDSM - Forecast - Annual Energy Demand Savings, By Type and Scenario",other,Low-Demand,Low-Demand Scenario Forecast Programs (Energy Efficiency Initiatives),Net Annual Energy Demand (TWh),2029,20.56
"Table 4: eDSM - Forecast - Annual Energy Demand Savings, By Type and Scenario",other,Low-Demand,Low-Demand Scenario Forecast Programs (Energy Efficiency Initiatives),Net Annual Energy Demand (TWh),2030,20.56
"Table 4: eDSM - Forecast - Annual Energy Demand Savings, By Type and Scenario",other,Low-Demand,Low-Demand Scenario Forecast Programs (Energy Efficiency Initiatives),Net Annual Energy Demand (TWh),2031,20.23
"Table 4: eDSM - Forecast - Annual Energy Demand Savings, By Type and Scenario",other,Low-Demand,Low-Demand Scenario Forecast Programs (Energy Efficiency Initiatives),Net Annual Energy Demand (TWh),2032,19.75
"Table 4: eDSM - Forecast - Annual Energy Demand Savings, By Type and Scenario",other,Low-Demand,Low-Demand Scenario Forecast Programs (Energy Efficiency Initiatives),Net Annual Energy Demand (TWh),2033,19.13
"Table 4: eDSM - Forecast - Annual Energy Demand Savings, By Type and Scenario",other,Low-Demand,Low-Demand Scenario Forecast Programs (Energy Efficiency Initiatives),Net Annual Energy Demand (TWh),2034,19.05
"Table 4: eDSM - Forecast - Annual Energy Demand Savings, By Type and Scenario",other,Low-Demand,Low-Demand Scenario Forecast Programs (Energy Efficiency Initiatives),Net Annual Energy Demand (TWh),2035,19.05
"Table 4: eDSM - Forecast - Annual Energy Demand Savings, By Type and Scenario",other,Low-Demand,Low-Demand Scenario Forecast Programs (Energy Efficiency Initiatives),Net Annual Energy Demand (TWh),2036,19.4
"Table 4: eDSM - Forecast - Annual Energy Demand Savings, By Type and Scenario",other,Low-Demand,Low-Demand Scenario Forecast Programs (Energy Efficiency Initiatives),Net Annual Energy Demand (TWh),2037,19.95
"Table 4: eDSM - Forecast - Annual Energy Demand Savings, By Type and Scenario",other,Low-Demand,Low-Demand Scenario Forecast Programs (Energy Efficiency Initiatives),Net Annual Energy Demand (TWh),2038,20.16
"Table 4: eDSM - Forecast - Annual Energy Demand Savings, By Type and Scenario",other,Low-Demand,Low-Demand Scenario Forecast Programs (Energy Efficiency Initiatives),Net Annual Energy Demand (TWh),2039,20.86
"Table 4: eDSM - Forecast - Annual Energy Demand Savings, By Type and Scenario",other,Low-Demand,Low-Demand Scenario Forecast Programs (Energy Efficiency Initiatives),Net Annual Energy Demand (TWh),2040,20.61
"Table 4: eDSM - Forecast - Annual Energy Demand Savings, By Type and Scenario",other,Low-Demand,Low-Demand Scenario Forecast Programs (Energy Efficiency Initiatives),Net Annual Energy Demand (TWh),2041,20.22
"Table 4: eDSM - Forecast - Annual Energy Demand Savings, By Type and Scenario",other,Low-Demand,Low-Demand Scenario Forecast Programs (Energy Efficiency Initiatives),Net Annual Energy Demand (TWh),2042,20.29
"Table 4: eDSM - Forecast - Annual Energy Demand Savings, By Type and Scenario",other,Low-Demand,Low-Demand Scenario Forecast Programs (Energy Efficiency Initiatives),Net Annual Energy Demand (TWh),2043,20.29
"Table 4: eDSM - Forecast - Annual Energy Demand Savings, By Type and Scenario",other,Low-Demand,Low-Demand Scenario Forecast Programs (Energy Efficiency Initiatives),Net Annual Energy Demand (TWh),2044,20.05
"Table 4: eDSM - Forecast - Annual Energy Demand Savings, By Type and Scenario",other,Low-Demand,Low-Demand Scenario Forecast Programs (Energy Efficiency Initiatives),Net Annual Energy Demand (TWh),2045,19.86
"Table 4: eDSM - Forecast - Annual Energy Demand Savings, By Type and Scenario",other,Low-Demand,Low-Demand Scenario Forecast Programs (Energy Efficiency Initiatives),Net Annual Energy Demand (TWh),2046,19.47
"Table 4: eDSM - Forecast - Annual Energy Demand Savings, By Type and Scenario",other,Low-Demand,Low-Demand Scenario Forecast Programs (Energy Efficiency Initiatives),Net Annual Energy Demand (TWh),2047,19.06
"Table 4: eDSM - Forecast - Annual Energy Demand Savings, By Type and Scenario",other,Low-Demand,Low-Demand Scenario Forecast Programs (Energy Efficiency Initiatives),Net Annual Energy Demand (TWh),2048,19.07
"Table 4: eDSM - Forecast - Annual Energy Demand Savings, By Type and Scenario",other,Low-Demand,Low-Demand Scenario Forecast Programs (Energy Efficiency Initiatives),Net Annual Energy Demand (TWh),2049,19.12
"Table 4: eDSM - Forecast - Annual Energy Demand Savings, By Type and Scenario",other,Low-Demand,Low-Demand Scenario Forecast Programs (Energy Efficiency Initiatives),Net Annual Energy Demand (TWh),2050,19.17
"Table 4: eDSM - Forecast - Annual Energy Demand Savings, By Type and Scenario",other,Low-Demand,Low-Demand Scenario Forecast Regulations (Building Codes & Equipment Standards),Net Annual Energy Demand (TWh),2027,11.18
"Table 4: eDSM - Forecast - Annual Energy Demand Savings, By Type and Scenario",other,Low-Demand,Low-Demand Scenario Forecast Regulations (Building Codes & Equipment Standards),Net Annual Energy Demand (TWh),2028,11.58
"Table 4: eDSM - Forecast - Annual Energy Demand Savings, By Type and Scenario",other,Low-Demand,Low-Demand Scenario Forecast Regulations (Building Codes & Equipment Standards),Net Annual Energy Demand (TWh),2029,12.35
"Table 4: eDSM - Forecast - Annual Energy Demand Savings, By Type and Scenario",other,Low-Demand,Low-Demand Scenario Forecast Regulations (Building Codes & Equipment Standards),Net Annual Energy Demand (TWh),2030,13.01
"Table 4: eDSM - Forecast - Annual Energy Demand Savings, By Type and Scenario",other,Low-Demand,Low-Demand Scenario Forecast Regulations (Building Codes & Equipment Standards),Net Annual Energy Demand (TWh),2031,13.63
"Table 4: eDSM - Forecast - Annual Energy Demand Savings, By Type and Scenario",other,Low-Demand,Low-Demand Scenario Forecast Regulations (Building Codes & Equipment Standards),Net Annual Energy Demand (TWh),2032,14.16
"Table 4: eDSM - Forecast - Annual Energy Demand Savings, By Type and Scenario",other,Low-Demand,Low-Demand Scenario Forecast Regulations (Building Codes & Equipment Standards),Net Annual Energy Demand (TWh),2033,14.51
"Table 4: eDSM - Forecast - Annual Energy Demand Savings, By Type and Scenario",other,Low-Demand,Low-Demand Scenario Forecast Regulations (Building Codes & Equipment Standards),Net Annual Energy Demand (TWh),2034,14.79
"Table 4: eDSM - Forecast - Annual Energy Demand Savings, By Type and Scenario",other,Low-Demand,Low-Demand Scenario Forecast Regulations (Building Codes & Equipment Standards),Net Annual Energy Demand (TWh),2035,14.97
"Table 4: eDSM - Forecast - Annual Energy Demand Savings, By Type and Scenario",other,Low-Demand,Low-Demand Scenario Forecast Regulations (Building Codes & Equipment Standards),Net Annual Energy Demand (TWh),2036,14.99
"Table 4: eDSM - Forecast - Annual Energy Demand Savings, By Type and Scenario",other,Low-Demand,Low-Demand Scenario Forecast Regulations (Building Codes & Equipment Standards),Net Annual Energy Demand (TWh),2037,15.03
"Table 4: eDSM - Forecast - Annual Energy Demand Savings, By Type and Scenario",other,Low-Demand,Low-Demand Scenario Forecast Regulations (Building Codes & Equipment Standards),Net Annual Energy Demand (TWh),2038,14.99
"Table 4: eDSM - Forecast - Annual Energy Demand Savings, By Type and Scenario",other,Low-Demand,Low-Demand Scenario Forecast Regulations (Building Codes & Equipment Standards),Net Annual Energy Demand (TWh),2039,15.0
"Table 4: eDSM - Forecast - Annual Energy Demand Savings, By Type and Scenario",other,Low-Demand,Low-Demand Scenario Forecast Regulations (Building Codes & Equipment Standards),Net Annual Energy Demand (TWh),2040,14.99
"Table 4: eDSM - Forecast - Annual Energy Demand Savings, By Type and Scenario",other,Low-Demand,Low-Demand Scenario Forecast Regulations (Building Codes & Equipment Standards),Net Annual Energy Demand (TWh),2041,14.98
"Table 4: eDSM - Forecast - Annual Energy Demand Savings, By Type and Scenario",other,Low-Demand,Low-Demand Scenario Forecast Regulations (Building Codes & Equipment Standards),Net Annual Energy Demand (TWh),2042,15.0
"Table 4: eDSM - Forecast - Annual Energy Demand Savings, By Type and Scenario",other,Low-Demand,Low-Demand Scenario Forecast Regulations (Building Codes & Equipment Standards),Net Annual Energy Demand (TWh),2043,15.03
"Table 4: eDSM - Forecast - Annual Energy Demand Savings, By Type and Scenario",other,Low-Demand,Low-Demand Scenario Forecast Regulations (Building Codes & Equipment Standards),Net Annual Energy Demand (TWh),2044,15.04
"Table 4: eDSM - Forecast - Annual Energy Demand Savings, By Type and Scenario",other,Low-Demand,Low-Demand Scenario Forecast Regulations (Building Codes & Equipment Standards),Net Annual Energy Demand (TWh),2045,15.07
"Table 4: eDSM - Forecast - Annual Energy Demand Savings, By Type and Scenario",other,Low-Demand,Low-Demand Scenario Forecast Regulations (Building Codes & Equipment Standards),Net Annual Energy Demand (TWh),2046,15.08
"Table 4: eDSM - Forecast - Annual Energy Demand Savings, By Type and Scenario",other,Low-Demand,Low-Demand Scenario Forecast Regulations (Building Codes & Equipment Standards),Net Annual Energy Demand (TWh),2047,15.05
"Table 4: eDSM - Forecast - Annual Energy Demand Savings, By Type and Scenario",other,Low-Demand,Low-Demand Scenario Forecast Regulations (Building Codes & Equipment Standards),Net Annual Energy Demand (TWh),2048,15.1
"Table 4: eDSM - Forecast - Annual Energy Demand Savings, By Type and Scenario",other,Low-Demand,Low-Demand Scenario Forecast Regulations (Building Codes & Equipment Standards),Net Annual Energy Demand (TWh),2049,15.13
"Table 4: eDSM - Forecast - Annual Energy Demand Savings, By Type and Scenario",other,Low-Demand,Low-Demand Scenario Forecast Regulations (Building Codes & Equipment Standards),Net Annual Energy Demand (TWh),2050,15.17
